Finished,RecordedDate,Q2,Q4_1,Q4_2,Q4_3,Q4_4,Q4_5,Q5_1,Q5_2,Q5_3,Q5_4,Q5_5,Q6_1,Q6_2,Q6_3,Q6_4,Q6_5,Q6_6,Q6_7,Q6_8,Q8_1,Q8_4,Q8_5,Q8_6,Q8_7,Q8_7_TEXT,Q9_1,Q9_4,Q9_5,Q9_6,Q9_7,Q9_8,Q9_9,Q9_10,Q9_11,Q9_12,Q9_12_TEXT,Q11,Q12,Q13,Q15_1,Q15_4,Q15_13,Q15_12,Q15_5,Q15_6,Q15_7,Q15_8,Q15_9,Q15_10,Q15_11
Finished,Recorded Date,"Your Consent If you want to participate in this study, click the “Agree” button to start the survey.","Thinking about students in the University of California (UC) system, please rate the extent to which you agree with each of the following statements: - Some UC students need to take remedial courses to be able to succeed.","Thinking about students in the University of California (UC) system, please rate the extent to which you agree with each of the following statements: - Succeeding academically requires an aptitude that not all UC students have.","Thinking about students in the University of California (UC) system, please rate the extent to which you agree with each of the following statements: - Some UC students have an innate gift or talent for academics.","Thinking about students in the University of California (UC) system, please rate the extent to which you agree with each of the following statements: - With enough effort and dedication, any UC student can be successful academically.","Thinking about students in the University of California (UC) system, please rate the extent to which you agree with each of the following statements: - Diversifying the UC student body would require us to lower our admission standards.","Thinking about teaching in general, please rate the extent to which you agree with each of the following statements: - Acknowledging and responding to cultural differences is critical to helping all students learn.","Thinking about teaching in general, please rate the extent to which you agree with each of the following statements: - Courses can always be taught better to improve student learning.","Thinking about teaching in general, please rate the extent to which you agree with each of the following statements: - Equitable teaching means compromising on the rigor of the course.","Thinking about teaching in general, please rate the extent to which you agree with each of the following statements: - Effective course design can enable all students to succeed academically.","Thinking about teaching in general, please rate the extent to which you agree with each of the following statements: - Any course can be designed or redesigned to enable all students to learn.",We would like to hear more about your engagement with different teaching practices.  Please rate how confident you feel in engaging in each of the following areas of teaching: - Supporting the success of students with a diverse range of identities,We would like to hear more about your engagement with different teaching practices.  Please rate how confident you feel in engaging in each of the following areas of teaching: - Using equitable grading strategies,We would like to hear more about your engagement with different teaching practices.  Please rate how confident you feel in engaging in each of the following areas of teaching: - Establishing and managing an inclusive classroom environment,We would like to hear more about your engagement with different teaching practices.  Please rate how confident you feel in engaging in each of the following areas of teaching: - Developing and using accessible course materials,We would like to hear more about your engagement with different teaching practices.  Please rate how confident you feel in engaging in each of the following areas of teaching: - Planning class sessions that anticipate the need for accommodations,"We would like to hear more about your engagement with different teaching practices.  Please rate how confident you feel in engaging in each of the following areas of teaching: - Facilitating difficult conversations, especially on topics related to identity",We would like to hear more about your engagement with different teaching practices.  Please rate how confident you feel in engaging in each of the following areas of teaching: - Recognizing the impact of your own identities on how you teach,We would like to hear more about your engagement with different teaching practices.  Please rate how confident you feel in engaging in each of the following areas of teaching: - Fostering emotional and mental wellbeing for your students,"How do you prefer to engage in professional development opportunities as part of your instructor role? Please select all that apply. - Selected Choice - Asynchronous (e.g. Canvas site, online readings)",How do you prefer to engage in professional development opportunities as part of your instructor role? Please select all that apply. - Selected Choice - Synchronous online (e.g. Zoom meeting),"How do you prefer to engage in professional development opportunities as part of your instructor role? Please select all that apply. - Selected Choice - In-person (e.g. on-campus workshop, faculty learning community)",How do you prefer to engage in professional development opportunities as part of your instructor role? Please select all that apply. - Selected Choice - Hybrid or hyflex (i.e. mix of asynchronous/synchronous or in-person/online),"How do you prefer to engage in professional development opportunities as part of your instructor role? Please select all that apply. - Selected Choice - Another format, please describe:","How do you prefer to engage in professional development opportunities as part of your instructor role? Please select all that apply. - Another format, please describe: - Text",Which resource to develop your ability to effectively teach all UC students would interest you the most? Please select no more than 3 options. - Selected Choice - Case studies,Which resource to develop your ability to effectively teach all UC students would interest you the most? Please select no more than 3 options. - Selected Choice - Discussion prompts,Which resource to develop your ability to effectively teach all UC students would interest you the most? Please select no more than 3 options. - Selected Choice - Expert interviews,Which resource to develop your ability to effectively teach all UC students would interest you the most? Please select no more than 3 options. - Selected Choice - Podcasts,Which resource to develop your ability to effectively teach all UC students would interest you the most? Please select no more than 3 options. - Selected Choice - Scholarly articles,Which resource to develop your ability to effectively teach all UC students would interest you the most? Please select no more than 3 options. - Selected Choice - Short video clips,Which resource to develop your ability to effectively teach all UC students would interest you the most? Please select no more than 3 options. - Selected Choice - Simulations,Which resource to develop your ability to effectively teach all UC students would interest you the most? Please select no more than 3 options. - Selected Choice - Testimonials,Which resource to develop your ability to effectively teach all UC students would interest you the most? Please select no more than 3 options. - Selected Choice - Theoretical frameworks,"Which resource to develop your ability to effectively teach all UC students would interest you the most? Please select no more than 3 options. - Selected Choice - Another resource, please describe:","Which resource to develop your ability to effectively teach all UC students would interest you the most? Please select no more than 3 options. - Another resource, please describe: - Text",At which UC campus do you currently teach?,"Which of the following best describes your current job title/role? If you hold multiple positions or titles, please select the one that is most relevant to being an instructor on a UC campus.",In which discipline/field do you most often teach? Please select the best option. Note that these disciplinary categories are purposefully broad to help individual respondents to maintain their anonymity when responding to this survey.,"Please select all that apply. I identify as… - A Black, Indigenous, and/or person of color (BIPOC)","Please select all that apply. I identify as… - A transgender, non-binary, and/or genderqueer person",Please select all that apply. I identify as… - A member of the LGBTQIA+ community,Please select all that apply. I identify as… - A person with a minoritized gender identity in my disicpline,Please select all that apply. I identify as… - A person living with a disability,Please select all that apply. I identify as… - A person who is neurodivergent,Please select all that apply. I identify as… - A person who is first in my family to go to college,Please select all that apply. I identify as… - A person from a low-income family background,Please select all that apply. I identify as… - A person who immigrated to the United States,Please select all that apply. I identify as… - Decline to state,Please select all that apply. I identify as… - None of the above
TRUE,9/23/25 13:58,Agree,Neutral,Neutral,Strongly agree,Somewhat agree,Strongly disagree,Strongly agree,Strongly agree,Strongly disagree,Somewhat agree,Somewhat agree,Moderately confident,Very confident,Very confident,Slightly confident,Moderately confident,Moderately confident,Moderately confident,Moderately confident,,,"In-person (e.g. on-campus workshop, faculty learning community)",,"Another format, please describe:","organized visits of colleagues to each other's classes, and review of course materials",,,,,,,,,,"Another resource, please describe:","collegial attention to each others' teaching.  The way we do research, duh...",UC Berkeley,Senate Faculty,Social Sciences and Area Studies,,,,,,,,,,,None of the above
TRUE,10/3/25 9:32,Agree,Neutral,Neutral,Somewhat agree,Somewhat agree,Somewhat disagree,Strongly agree,Unsure / Unapplicable,Somewhat disagree,Somewhat agree,Strongly agree,Slightly confident,Very confident,Slightly confident,Slightly confident,Slightly confident,Not confident at all,Moderately confident,Very confident,"Asynchronous (e.g. Canvas site, online readings)",Synchronous online (e.g. Zoom meeting),,,,,Case studies,,,,,Short video clips,Simulations,,,,,UC Berkeley,Senate Faculty,"Professional Fields (e.g. business, administration, legal, physical and mental health)",,,,,,,,,,Decline to state,
TRUE,11/3/25 12:07,Agree,Neutral,Neutral,Somewhat agree,Somewhat disagree,Strongly agree,Neutral,Strongly agree,Somewhat disagree,Strongly disagree,Somewhat disagree,Very confident,Unsure / Unapplicable,Very confident,Not confident at all,Moderately confident,Unsure / Unapplicable,Very confident,Moderately confident,"Asynchronous (e.g. Canvas site, online readings)",,"In-person (e.g. on-campus workshop, faculty learning community)",Hybrid or hyflex (i.e. mix of asynchronous/synchronous or in-person/online),,,,,,,Scholarly articles,,,,,"Another resource, please describe:",Training in making accessible digital materials,UC Berkeley,Senate Faculty,"Science, Technology, Engineering, and Math (STEM)",,,,,,,,,A person who immigrated to the United States,,
TRUE,9/23/25 13:58,Agree,Somewhat agree,Neutral,Strongly agree,Strongly agree,Neutral,Somewhat disagree,Strongly agree,Somewhat agree,Strongly agree,Strongly agree,Moderately confident,Very confident,Very confident,Moderately confident,Moderately confident,Very confident,Moderately confident,Moderately confident,"Asynchronous (e.g. Canvas site, online readings)",Synchronous online (e.g. Zoom meeting),"In-person (e.g. on-campus workshop, faculty learning community)",Hybrid or hyflex (i.e. mix of asynchronous/synchronous or in-person/online),,,Case studies,,Expert interviews,,Scholarly articles,,,,,,,UC Berkeley,"Lecturer (Unit 18, continuing, or senior)",Social Sciences and Area Studies,,,,,,A person who is neurodivergent,A person who is first in my family to go to college,A person from a low-income family background,,,
TRUE,10/2/25 9:52,Agree,Somewhat agree,Neutral,Somewhat disagree,Somewhat agree,Somewhat disagree,Somewhat agree,Neutral,Somewhat agree,Neutral,Neutral,Moderately confident,Moderately confident,Moderately confident,Slightly confident,Slightly confident,Slightly confident,Moderately confident,Moderately confident,,,"In-person (e.g. on-campus workshop, faculty learning community)",,,,Case studies,,,,Scholarly articles,,,Testimonials,,,,UC Berkeley,Graduate Student Instructor,"History, Languages, and Literatures",,,,,,,,,,,None of the above
TRUE,10/2/25 11:33,Agree,Somewhat agree,Neutral,Neutral,Somewhat agree,Somewhat disagree,Strongly agree,Somewhat agree,Somewhat disagree,Neutral,Neutral,Moderately confident,Moderately confident,Moderately confident,Moderately confident,Very confident,Slightly confident,Moderately confident,Moderately confident,"Asynchronous (e.g. Canvas site, online readings)",Synchronous online (e.g. Zoom meeting),,,,,,,,,Scholarly articles,,,,,,,UC Berkeley,Graduate Student Instructor,"History, Languages, and Literatures",,,A member of the LGBTQIA+ community,,,,,,,,
TRUE,10/3/25 10:00,Agree,Somewhat agree,Neutral,Somewhat disagree,Somewhat agree,Somewhat disagree,Strongly agree,Strongly agree,Somewhat disagree,Strongly agree,Somewhat agree,Moderately confident,Very confident,Very confident,Very confident,Moderately confident,Moderately confident,Moderately confident,Very confident,,Synchronous online (e.g. Zoom meeting),"In-person (e.g. on-campus workshop, faculty learning community)",Hybrid or hyflex (i.e. mix of asynchronous/synchronous or in-person/online),,,,Discussion prompts,,,,,,,Theoretical frameworks,"Another resource, please describe:",in person in service days and or classes,UC Berkeley,Another role,"Creative and Performing Arts, Media, and Design",,,,,,,,,,Decline to state,
TRUE,10/20/25 10:37,Agree,Somewhat agree,Neutral,Strongly agree,Neutral,Somewhat disagree,Strongly agree,Somewhat agree,Somewhat disagree,Strongly agree,Strongly agree,Very confident,Very confident,Very confident,Very confident,Moderately confident,Moderately confident,Moderately confident,Moderately confident,,,,Hybrid or hyflex (i.e. mix of asynchronous/synchronous or in-person/online),,,,Discussion prompts,,,,,,,,"Another resource, please describe:",conversations with colleagues,UC Santa Cruz,Senate Faculty,Social Sciences and Area Studies,,,,,A person living with a disability,,,,,,
TRUE,11/4/25 10:56,Agree,Somewhat agree,Neutral,Somewhat agree,Strongly agree,Somewhat disagree,Strongly agree,Strongly agree,Strongly disagree,Strongly agree,Strongly agree,Very confident,Moderately confident,Very confident,Moderately confident,Very confident,Very confident,Moderately confident,Very confident,,Synchronous online (e.g. Zoom meeting),"In-person (e.g. on-campus workshop, faculty learning community)",,,,,Discussion prompts,,,,,Simulations,,Theoretical frameworks,,,UC Merced,Senate Faculty,Another discipline,,,,,,,,,,,None of the above
TRUE,11/6/25 13:45,Agree,Somewhat agree,Neutral,Strongly agree,Somewhat agree,Neutral,Neutral,Somewhat agree,Neutral,Somewhat agree,Neutral,Very confident,Very confident,Moderately confident,Moderately confident,Slightly confident,Very confident,Moderately confident,Very confident,,,,Hybrid or hyflex (i.e. mix of asynchronous/synchronous or in-person/online),,,,Discussion prompts,,,,Short video clips,,,Theoretical frameworks,,,UC Berkeley,"Lecturer (Unit 18, continuing, or senior)","History, Languages, and Literatures",,,,,,,,A person from a low-income family background,,,
TRUE,9/23/25 14:11,Agree,Strongly agree,Neutral,Neutral,Somewhat agree,Strongly disagree,Strongly agree,Strongly agree,Strongly disagree,Somewhat agree,Strongly agree,Very confident,Moderately confident,Very confident,Moderately confident,Very confident,Very confident,Very confident,Moderately confident,,Synchronous online (e.g. Zoom meeting),"In-person (e.g. on-campus workshop, faculty learning community)",Hybrid or hyflex (i.e. mix of asynchronous/synchronous or in-person/online),,,,,,,Scholarly articles,,,Testimonials,Theoretical frameworks,,,UC Berkeley,Another role,"Creative and Performing Arts, Media, and Design",,,,,,,,A person from a low-income family background,,,
TRUE,9/23/25 18:29,Agree,Strongly agree,Neutral,Strongly agree,Somewhat agree,Somewhat disagree,Neutral,Strongly agree,Strongly disagree,Somewhat agree,Somewhat agree,Unsure / Unapplicable,Moderately confident,Moderately confident,Moderately confident,Moderately confident,Unsure / Unapplicable,Unsure / Unapplicable,Moderately confident,"Asynchronous (e.g. Canvas site, online readings)",Synchronous online (e.g. Zoom meeting),"In-person (e.g. on-campus workshop, faculty learning community)",Hybrid or hyflex (i.e. mix of asynchronous/synchronous or in-person/online),,,Case studies,,,,,Short video clips,,,,"Another resource, please describe:",Other instructors at UC describing their experiences.,UC Berkeley,"Lecturer (Unit 18, continuing, or senior)","Science, Technology, Engineering, and Math (STEM)",,,,,,,,,A person who immigrated to the United States,,
TRUE,9/23/25 20:32,Agree,Strongly agree,Neutral,Strongly agree,Somewhat agree,Neutral,Neutral,Somewhat agree,Somewhat agree,Somewhat agree,Somewhat disagree,Slightly confident,Very confident,Very confident,Very confident,Moderately confident,Moderately confident,Very confident,Not confident at all,"Asynchronous (e.g. Canvas site, online readings)",,"In-person (e.g. on-campus workshop, faculty learning community)",Hybrid or hyflex (i.e. mix of asynchronous/synchronous or in-person/online),,,Case studies,,,Podcasts,Scholarly articles,,,,,,,UC Berkeley,Decline to state,Social Sciences and Area Studies,,,,A person with a minoritized gender identity in my disicpline,,,,,,,
TRUE,10/20/25 10:46,Agree,Strongly agree,Neutral,Strongly agree,Strongly agree,Unsure / Unapplicable,Strongly agree,Strongly agree,Strongly disagree,Strongly agree,Strongly agree,Very confident,Very confident,Very confident,Very confident,Very confident,Very confident,Very confident,Very confident,"Asynchronous (e.g. Canvas site, online readings)",Synchronous online (e.g. Zoom meeting),"In-person (e.g. on-campus workshop, faculty learning community)",Hybrid or hyflex (i.e. mix of asynchronous/synchronous or in-person/online),,,Case studies,Discussion prompts,,,,,,,Theoretical frameworks,,,UC Santa Cruz,"Lecturer (Unit 18, continuing, or senior)","History, Languages, and Literatures",,,,,,A person who is neurodivergent,,,,,
TRUE,10/24/25 16:23,Agree,Strongly agree,Neutral,Neutral,Strongly agree,Strongly disagree,Strongly agree,Strongly agree,Strongly disagree,Strongly agree,Somewhat agree,Moderately confident,Very confident,Moderately confident,Moderately confident,Very confident,Slightly confident,Very confident,Moderately confident,,Synchronous online (e.g. Zoom meeting),"In-person (e.g. on-campus workshop, faculty learning community)",,,,Case studies,,,,,,,,,"Another resource, please describe:","tangible templates, handouts, etc. to tweak to my own course needs",UC Santa Cruz,Senate Faculty,Social Sciences and Area Studies,,,,,A person living with a disability,,,,,,
TRUE,10/29/25 15:51,Agree,Strongly agree,Neutral,Neutral,Somewhat disagree,Somewhat disagree,Somewhat agree,Neutral,Somewhat disagree,Neutral,Somewhat disagree,Moderately confident,Moderately confident,Very confident,Very confident,Moderately confident,Slightly confident,Slightly confident,Slightly confident,,,"In-person (e.g. on-campus workshop, faculty learning community)",,,,,,Expert interviews,,Scholarly articles,,,,Theoretical frameworks,,,UC Berkeley,Graduate Student Instructor,"History, Languages, and Literatures",,,,,,,,,,,None of the above
TRUE,10/30/25 10:13,Agree,,Neutral,Strongly agree,Somewhat agree,Strongly disagree,Strongly agree,Strongly agree,Strongly disagree,Somewhat agree,Neutral,Very confident,Very confident,Very confident,Very confident,Very confident,Very confident,Very confident,Very confident,"Asynchronous (e.g. Canvas site, online readings)",Synchronous online (e.g. Zoom meeting),"In-person (e.g. on-campus workshop, faculty learning community)",Hybrid or hyflex (i.e. mix of asynchronous/synchronous or in-person/online),,,,,,,,,,,,"Another resource, please describe:",N/a,UC Berkeley,"Lecturer (Unit 18, continuing, or senior)","History, Languages, and Literatures",,,,,,,,,,,None of the above
TRUE,10/29/25 9:24,Agree,Neutral,Somewhat agree,Strongly agree,Somewhat agree,Somewhat disagree,Strongly agree,Somewhat agree,Strongly disagree,Somewhat agree,Strongly agree,Very confident,Very confident,Very confident,Very confident,Moderately confident,Very confident,Very confident,Unsure / Unapplicable,,,,Hybrid or hyflex (i.e. mix of asynchronous/synchronous or in-person/online),,,,,,,,,Simulations,,Theoretical frameworks,"Another resource, please describe:",Expect admin support,UC Berkeley,Senate Faculty,Another discipline,,,A member of the LGBTQIA+ community,A person with a minoritized gender identity in my disicpline,A person living with a disability,A person who is neurodivergent,A person who is first in my family to go to college,A person from a low-income family background,A person who immigrated to the United States,,
TRUE,9/23/25 14:29,Agree,Somewhat agree,Somewhat agree,Strongly disagree,Strongly agree,Somewhat disagree,Strongly agree,Strongly agree,Somewhat disagree,Somewhat agree,Somewhat agree,Very confident,Very confident,Moderately confident,Moderately confident,Moderately confident,Slightly confident,Moderately confident,Moderately confident,"Asynchronous (e.g. Canvas site, online readings)",Synchronous online (e.g. Zoom meeting),,,,,,,,,Scholarly articles,Short video clips,,,,"Another resource, please describe:",Interactive discussions,UC Berkeley,Another role,Social Sciences and Area Studies,,,,,,,,,,,None of the above
TRUE,9/23/25 16:27,Agree,Somewhat agree,Somewhat agree,Strongly agree,Neutral,Somewhat disagree,Somewhat agree,Strongly agree,Somewhat disagree,Neutral,Somewhat disagree,Moderately confident,Slightly confident,Moderately confident,Slightly confident,Slightly confident,Slightly confident,Slightly confident,Moderately confident,"Asynchronous (e.g. Canvas site, online readings)",,,,"Another format, please describe:",Please record sessions and make them accessible after hours. Many of us work day jobs,,,,,,Short video clips,,,,,,UC Berkeley,"Lecturer (Unit 18, continuing, or senior)","Professional Fields (e.g. business, administration, legal, physical and mental health)",,,,,,,,,,,None of the above
TRUE,9/23/25 17:30,Agree,Somewhat agree,Somewhat agree,Somewhat agree,Neutral,Somewhat disagree,Neutral,Strongly agree,Somewhat disagree,Somewhat agree,Somewhat agree,Moderately confident,Moderately confident,Moderately confident,Moderately confident,Slightly confident,Moderately confident,Moderately confident,Moderately confident,"Asynchronous (e.g. Canvas site, online readings)",Synchronous online (e.g. Zoom meeting),"In-person (e.g. on-campus workshop, faculty learning community)",Hybrid or hyflex (i.e. mix of asynchronous/synchronous or in-person/online),,,Case studies,,,,Scholarly articles,,,,Theoretical frameworks,,,UC Berkeley,Senate Faculty,Social Sciences and Area Studies,,,,,,,,,,,None of the above
TRUE,9/24/25 15:39,Agree,Somewhat agree,Somewhat agree,Strongly agree,Somewhat agree,Strongly disagree,Strongly agree,Somewhat agree,Strongly disagree,Somewhat agree,Strongly agree,Very confident,Very confident,Very confident,Moderately confident,Very confident,Very confident,Very confident,Moderately confident,,,"In-person (e.g. on-campus workshop, faculty learning community)",Hybrid or hyflex (i.e. mix of asynchronous/synchronous or in-person/online),,,,,,,Scholarly articles,,Simulations,,Theoretical frameworks,,,UC Berkeley,Senate Faculty,Social Sciences and Area Studies,,,,,A person living with a disability,,A person who is first in my family to go to college,A person from a low-income family background,A person who immigrated to the United States,,
TRUE,9/24/25 17:37,Agree,Somewhat agree,Somewhat agree,Strongly disagree,Strongly agree,Strongly disagree,Strongly agree,Strongly agree,Somewhat disagree,Strongly agree,Somewhat agree,Very confident,Slightly confident,Moderately confident,Moderately confident,Moderately confident,Moderately confident,Slightly confident,Very confident,,,,Hybrid or hyflex (i.e. mix of asynchronous/synchronous or in-person/online),,,Case studies,,Expert interviews,,,Short video clips,,,,,,UC Berkeley,"Lecturer (Unit 18, continuing, or senior)",Social Sciences and Area Studies,,,,A person with a minoritized gender identity in my disicpline,,,,,,,
TRUE,9/25/25 12:43,Agree,Somewhat agree,Somewhat agree,Strongly disagree,Somewhat agree,Somewhat agree,Somewhat agree,Somewhat agree,Strongly disagree,Somewhat disagree,Somewhat agree,Very confident,Moderately confident,Moderately confident,Moderately confident,Moderately confident,Not confident at all,Moderately confident,Slightly confident,"Asynchronous (e.g. Canvas site, online readings)",Synchronous online (e.g. Zoom meeting),,,,,,Discussion prompts,,,,Short video clips,,Testimonials,,,,UC Berkeley,Senate Faculty,"Science, Technology, Engineering, and Math (STEM)","A Black, Indigenous, and/or person of color (BIPOC)",,,,,,,,,,
TRUE,10/2/25 12:03,Agree,Somewhat agree,Somewhat agree,Somewhat agree,Strongly disagree,Somewhat disagree,Strongly agree,Strongly agree,Somewhat agree,Somewhat disagree,Somewhat disagree,Very confident,Very confident,Very confident,Very confident,Very confident,Very confident,Very confident,Very confident,"Asynchronous (e.g. Canvas site, online readings)",,,,,,,,,,Scholarly articles,,,,,,,UC Berkeley,"Lecturer (Unit 18, continuing, or senior)","Professional Fields (e.g. business, administration, legal, physical and mental health)",,,,,,,,,,Decline to state,
TRUE,10/3/25 16:56,Agree,Somewhat agree,Somewhat agree,Neutral,Somewhat disagree,Strongly disagree,Strongly agree,Strongly agree,Strongly disagree,Strongly disagree,Strongly disagree,Very confident,Very confident,Very confident,Very confident,Very confident,Very confident,Very confident,Very confident,,,,,,,,,,,,,,,,,,UC Berkeley,Senate Faculty,"Professional Fields (e.g. business, administration, legal, physical and mental health)",,,,,,,,,,,
TRUE,10/6/25 11:11,Agree,Somewhat agree,Somewhat agree,Unsure / Unapplicable,Strongly agree,Unsure / Unapplicable,Neutral,Somewhat agree,Unsure / Unapplicable,Somewhat agree,Somewhat agree,Not confident at all,Not confident at all,Slightly confident,Not confident at all,Not confident at all,Not confident at all,Slightly confident,Slightly confident,"Asynchronous (e.g. Canvas site, online readings)",Synchronous online (e.g. Zoom meeting),"In-person (e.g. on-campus workshop, faculty learning community)",Hybrid or hyflex (i.e. mix of asynchronous/synchronous or in-person/online),,,Case studies,,,Podcasts,,,,,Theoretical frameworks,,,UC Berkeley,"Lecturer (Unit 18, continuing, or senior)",Another discipline,,,,A person with a minoritized gender identity in my disicpline,,,,,,,
TRUE,10/6/25 21:02,Agree,Somewhat agree,Somewhat agree,Strongly agree,Somewhat disagree,Somewhat agree,Somewhat agree,Strongly agree,Strongly agree,Somewhat disagree,Somewhat agree,Very confident,Moderately confident,Moderately confident,Moderately confident,Very confident,Moderately confident,Moderately confident,Moderately confident,,,"In-person (e.g. on-campus workshop, faculty learning community)",,,,,,,,Scholarly articles,Short video clips,,,,,,UC Berkeley,Senate Faculty,Social Sciences and Area Studies,,,,,,,,,,,None of the above
TRUE,10/7/25 4:50,Agree,Somewhat agree,Somewhat agree,Strongly agree,Neutral,Neutral,Strongly agree,Strongly agree,Somewhat agree,Somewhat agree,Somewhat agree,Moderately confident,Not confident at all,Moderately confident,Slightly confident,Slightly confident,Slightly confident,Slightly confident,Slightly confident,,,,Hybrid or hyflex (i.e. mix of asynchronous/synchronous or in-person/online),,,,,Expert interviews,Podcasts,,,,,,,,UC Berkeley,Senate Faculty,Social Sciences and Area Studies,,,,,,,A person who is first in my family to go to college,,,,
TRUE,10/7/25 13:12,Agree,Somewhat agree,Somewhat agree,Unsure / Unapplicable,Somewhat disagree,Neutral,Somewhat agree,Strongly agree,Neutral,Neutral,Somewhat disagree,Very confident,Moderately confident,Very confident,Moderately confident,Moderately confident,Moderately confident,Moderately confident,Moderately confident,,,,Hybrid or hyflex (i.e. mix of asynchronous/synchronous or in-person/online),,,Case studies,,,,Scholarly articles,,,,,,,UC Berkeley,Senate Faculty,Social Sciences and Area Studies,,,,,,,A person who is first in my family to go to college,,,,
TRUE,10/20/25 10:35,Agree,Somewhat agree,Somewhat agree,Strongly agree,Somewhat agree,Somewhat disagree,Somewhat agree,Somewhat agree,Somewhat disagree,Somewhat agree,Somewhat agree,Moderately confident,Moderately confident,Moderately confident,Moderately confident,Moderately confident,Moderately confident,Moderately confident,Not confident at all,,,"In-person (e.g. on-campus workshop, faculty learning community)",,,,,,Expert interviews,,Scholarly articles,,,,Theoretical frameworks,,,UC Santa Cruz,"Lecturer (Unit 18, continuing, or senior)","History, Languages, and Literatures",,,A member of the LGBTQIA+ community,,,,,,,,
TRUE,10/20/25 14:41,Agree,Somewhat agree,Somewhat agree,Neutral,Somewhat agree,Somewhat disagree,Strongly agree,Strongly agree,Somewhat agree,Somewhat agree,Somewhat agree,Very confident,Moderately confident,Very confident,Very confident,Moderately confident,Moderately confident,Very confident,Very confident,"Asynchronous (e.g. Canvas site, online readings)",Synchronous online (e.g. Zoom meeting),"In-person (e.g. on-campus workshop, faculty learning community)",Hybrid or hyflex (i.e. mix of asynchronous/synchronous or in-person/online),,,Case studies,Discussion prompts,,,,,Simulations,,,,,UC Santa Cruz,Senate Faculty,"Creative and Performing Arts, Media, and Design","A Black, Indigenous, and/or person of color (BIPOC)","A transgender, non-binary, and/or genderqueer person",A member of the LGBTQIA+ community,A person with a minoritized gender identity in my disicpline,A person living with a disability,,,,,,
TRUE,10/29/25 10:46,Agree,Somewhat agree,Somewhat agree,Somewhat agree,Somewhat disagree,Neutral,Strongly agree,Somewhat agree,Neutral,Somewhat agree,Neutral,Very confident,Moderately confident,Moderately confident,Moderately confident,Very confident,Slightly confident,Moderately confident,Very confident,,,,Hybrid or hyflex (i.e. mix of asynchronous/synchronous or in-person/online),,,Case studies,,Expert interviews,,,Short video clips,,,,,,UC Berkeley,Senate Faculty,Social Sciences and Area Studies,,,,,,,,,,,None of the above
TRUE,10/29/25 16:20,Agree,Somewhat agree,Somewhat agree,Neutral,Neutral,Strongly disagree,Strongly agree,Somewhat agree,Somewhat disagree,Somewhat disagree,Somewhat disagree,Very confident,Very confident,Very confident,Slightly confident,Moderately confident,Moderately confident,Very confident,Very confident,,,"In-person (e.g. on-campus workshop, faculty learning community)",,,,,Discussion prompts,,,Scholarly articles,Short video clips,,,,,,UC Berkeley,Senate Faculty,"Science, Technology, Engineering, and Math (STEM)",,,,,,,,,,,None of the above
TRUE,9/23/25 17:36,Agree,Strongly agree,Somewhat agree,Somewhat disagree,Strongly agree,Strongly disagree,Strongly agree,Strongly agree,Somewhat disagree,Somewhat agree,Somewhat agree,Moderately confident,Moderately confident,Moderately confident,Moderately confident,Moderately confident,Moderately confident,Moderately confident,Slightly confident,,,"In-person (e.g. on-campus workshop, faculty learning community)",,,,Case studies,,,,Scholarly articles,,,,Theoretical frameworks,,,UC Berkeley,Senate Faculty,Social Sciences and Area Studies,,,,,,,A person who is first in my family to go to college,,,,
TRUE,9/24/25 9:51,Agree,Strongly agree,Somewhat agree,Somewhat agree,Somewhat agree,Neutral,Somewhat agree,Strongly agree,Somewhat agree,Neutral,Strongly disagree,Moderately confident,Moderately confident,Moderately confident,Moderately confident,Moderately confident,Moderately confident,Moderately confident,Moderately confident,,Synchronous online (e.g. Zoom meeting),"In-person (e.g. on-campus workshop, faculty learning community)",,,,Case studies,Discussion prompts,,,Scholarly articles,,,,,,,UC Berkeley,"Lecturer (Unit 18, continuing, or senior)","Professional Fields (e.g. business, administration, legal, physical and mental health)",,,,,,,,,,Decline to state,
TRUE,9/25/25 17:24,Agree,Strongly agree,Somewhat agree,Strongly agree,Somewhat disagree,Somewhat disagree,Somewhat agree,Strongly agree,Somewhat disagree,Somewhat disagree,Somewhat disagree,Not confident at all,Moderately confident,Not confident at all,Not confident at all,Very confident,Not confident at all,Slightly confident,Slightly confident,,,"In-person (e.g. on-campus workshop, faculty learning community)",,,,Case studies,,,,Scholarly articles,,,,,,,UC Berkeley,Senate Faculty,"Science, Technology, Engineering, and Math (STEM)",,,,A person with a minoritized gender identity in my disicpline,,,,,,,
TRUE,10/4/25 15:59,Agree,Strongly agree,Somewhat agree,Somewhat agree,Somewhat agree,Strongly disagree,Strongly agree,Strongly agree,Strongly disagree,Strongly agree,Strongly agree,Very confident,Very confident,Very confident,Moderately confident,Very confident,Very confident,Very confident,Very confident,,,"In-person (e.g. on-campus workshop, faculty learning community)",,,,,Discussion prompts,,Podcasts,,Short video clips,,,,,,UC Berkeley,"Lecturer (Unit 18, continuing, or senior)","Creative and Performing Arts, Media, and Design",,,,,,,,,,,None of the above
TRUE,10/29/25 9:17,Agree,Strongly agree,Somewhat agree,Neutral,Strongly agree,Somewhat agree,Somewhat agree,Somewhat agree,Somewhat agree,Somewhat agree,Somewhat agree,Slightly confident,Moderately confident,Moderately confident,Not confident at all,Slightly confident,Slightly confident,Moderately confident,Moderately confident,,,"In-person (e.g. on-campus workshop, faculty learning community)",,,,Case studies,,,,,Short video clips,,,,,,UC Berkeley,Senate Faculty,Social Sciences and Area Studies,,,,,,,,,,,None of the above
TRUE,10/29/25 11:42,Agree,Strongly agree,Somewhat agree,Somewhat disagree,Somewhat disagree,Strongly disagree,Strongly agree,Strongly agree,Strongly disagree,Somewhat agree,Somewhat agree,Moderately confident,Moderately confident,Moderately confident,Moderately confident,Moderately confident,Moderately confident,Moderately confident,Moderately confident,,,,Hybrid or hyflex (i.e. mix of asynchronous/synchronous or in-person/online),,,,,,,,Short video clips,Simulations,,,"Another resource, please describe:",Observations,UC Berkeley,"Lecturer (Unit 18, continuing, or senior)",Social Sciences and Area Studies,"A Black, Indigenous, and/or person of color (BIPOC)",,,,,,,,,,
TRUE,11/20/25 13:26,Agree,Strongly agree,Somewhat agree,Strongly agree,Somewhat disagree,Neutral,Neutral,Strongly agree,Strongly disagree,Somewhat disagree,Somewhat agree,Very confident,Very confident,Very confident,Slightly confident,Slightly confident,Moderately confident,Very confident,Moderately confident,,,"In-person (e.g. on-campus workshop, faculty learning community)",,,,,,,,Scholarly articles,Short video clips,Simulations,,,,,UC Merced,"Lecturer (Unit 18, continuing, or senior)",Social Sciences and Area Studies,,,A member of the LGBTQIA+ community,,,,,,,,
TRUE,9/23/25 14:41,Agree,Somewhat agree,Somewhat disagree,Somewhat agree,Somewhat disagree,Somewhat disagree,Strongly agree,Strongly agree,Strongly disagree,Somewhat agree,Strongly agree,Very confident,Moderately confident,Very confident,Moderately confident,Moderately confident,Moderately confident,Moderately confident,Very confident,,Synchronous online (e.g. Zoom meeting),"In-person (e.g. on-campus workshop, faculty learning community)",,,,Case studies,Discussion prompts,Expert interviews,,,,,,,,,UC Berkeley,Another role,"Professional Fields (e.g. business, administration, legal, physical and mental health)",,,,,,,,,,,None of the above
TRUE,9/24/25 9:47,Agree,Somewhat agree,Somewhat disagree,Somewhat agree,Somewhat agree,Somewhat disagree,Strongly agree,Strongly agree,Strongly disagree,Strongly agree,Strongly agree,Moderately confident,Slightly confident,Moderately confident,Moderately confident,Moderately confident,Slightly confident,Moderately confident,Moderately confident,,Synchronous online (e.g. Zoom meeting),"In-person (e.g. on-campus workshop, faculty learning community)",Hybrid or hyflex (i.e. mix of asynchronous/synchronous or in-person/online),,,Case studies,,,,,,Simulations,,Theoretical frameworks,,,UC Berkeley,Senate Faculty,"Science, Technology, Engineering, and Math (STEM)",,"A transgender, non-binary, and/or genderqueer person",,A person with a minoritized gender identity in my disicpline,,,A person who is first in my family to go to college,,,,
TRUE,9/24/25 15:21,Agree,Somewhat agree,Somewhat disagree,Neutral,Strongly agree,Strongly disagree,Unsure / Unapplicable,Strongly agree,Somewhat disagree,Unsure / Unapplicable,Unsure / Unapplicable,Moderately confident,Moderately confident,Very confident,Moderately confident,Unsure / Unapplicable,Moderately confident,Moderately confident,Moderately confident,"Asynchronous (e.g. Canvas site, online readings)",Synchronous online (e.g. Zoom meeting),"In-person (e.g. on-campus workshop, faculty learning community)",,,,,,Expert interviews,Podcasts,,,,,Theoretical frameworks,,,UC Berkeley,"Lecturer (Unit 18, continuing, or senior)",Social Sciences and Area Studies,,,,,,,A person who is first in my family to go to college,A person from a low-income family background,,,
TRUE,9/24/25 21:22,Agree,Somewhat agree,Somewhat disagree,Somewhat agree,Strongly agree,Strongly disagree,Strongly agree,Strongly agree,Strongly disagree,Strongly agree,Strongly agree,Very confident,Moderately confident,Very confident,Moderately confident,Very confident,Very confident,Very confident,Very confident,,Synchronous online (e.g. Zoom meeting),"In-person (e.g. on-campus workshop, faculty learning community)",Hybrid or hyflex (i.e. mix of asynchronous/synchronous or in-person/online),,,Case studies,Discussion prompts,,,,,,Testimonials,,,,UC Berkeley,"Lecturer (Unit 18, continuing, or senior)","Professional Fields (e.g. business, administration, legal, physical and mental health)",,,,,,,,,,,None of the above
TRUE,9/25/25 9:17,Agree,Somewhat agree,Somewhat disagree,Somewhat agree,Somewhat agree,Strongly disagree,Somewhat agree,Strongly agree,Strongly disagree,Strongly agree,Strongly agree,Very confident,Moderately confident,Very confident,Moderately confident,Moderately confident,Very confident,Very confident,Moderately confident,"Asynchronous (e.g. Canvas site, online readings)",Synchronous online (e.g. Zoom meeting),"In-person (e.g. on-campus workshop, faculty learning community)",Hybrid or hyflex (i.e. mix of asynchronous/synchronous or in-person/online),,,Case studies,,,,,Short video clips,,,Theoretical frameworks,,,UC Berkeley,Senate Faculty,Another discipline,"A Black, Indigenous, and/or person of color (BIPOC)",,,,,,,,,,
TRUE,9/26/25 15:35,Agree,Somewhat agree,Somewhat disagree,Somewhat agree,Strongly agree,Somewhat disagree,Strongly agree,Strongly agree,Somewhat disagree,Strongly agree,Neutral,Moderately confident,Moderately confident,Very confident,Moderately confident,Very confident,Moderately confident,Moderately confident,Moderately confident,,,"In-person (e.g. on-campus workshop, faculty learning community)",,,,,,Expert interviews,Podcasts,,,,,,,,UC Berkeley,"Lecturer (Unit 18, continuing, or senior)","History, Languages, and Literatures",,,,,,,,,,,None of the above
TRUE,9/28/25 16:08,Agree,Somewhat agree,Somewhat disagree,Somewhat agree,Neutral,Somewhat disagree,Neutral,Somewhat agree,Somewhat disagree,Somewhat agree,Neutral,Moderately confident,Very confident,Moderately confident,Slightly confident,Moderately confident,Unsure / Unapplicable,Moderately confident,Moderately confident,"Asynchronous (e.g. Canvas site, online readings)",,"In-person (e.g. on-campus workshop, faculty learning community)",,,,Case studies,,,,Scholarly articles,,,,Theoretical frameworks,,,UC Berkeley,Senate Faculty,"Science, Technology, Engineering, and Math (STEM)",,,,,,,,,,,None of the above
TRUE,10/2/25 10:32,Agree,Somewhat agree,Somewhat disagree,Neutral,Strongly agree,Somewhat disagree,Somewhat agree,Somewhat agree,Somewhat agree,Neutral,Somewhat agree,Moderately confident,Moderately confident,Moderately confident,Moderately confident,Slightly confident,Not confident at all,Moderately confident,Moderately confident,,Synchronous online (e.g. Zoom meeting),,Hybrid or hyflex (i.e. mix of asynchronous/synchronous or in-person/online),,,,,Expert interviews,,,Short video clips,,Testimonials,,,,UC Berkeley,Senate Faculty,Social Sciences and Area Studies,,,,,,,,,A person who immigrated to the United States,,
TRUE,10/2/25 11:05,Agree,Somewhat agree,Somewhat disagree,Neutral,Strongly agree,Strongly disagree,Neutral,Somewhat agree,Somewhat disagree,Strongly agree,Strongly agree,Very confident,Moderately confident,Moderately confident,Slightly confident,Very confident,Moderately confident,Moderately confident,Slightly confident,,,"In-person (e.g. on-campus workshop, faculty learning community)",Hybrid or hyflex (i.e. mix of asynchronous/synchronous or in-person/online),,,,,,,,,Simulations,,,,,UC Berkeley,"Lecturer (Unit 18, continuing, or senior)",Social Sciences and Area Studies,,,,,,,,,,,None of the above
TRUE,10/2/25 16:37,Agree,Somewhat agree,Somewhat disagree,Somewhat disagree,Strongly agree,Somewhat disagree,Strongly agree,Strongly agree,Strongly disagree,Somewhat agree,Somewhat agree,Moderately confident,Very confident,Moderately confident,Moderately confident,Moderately confident,Moderately confident,Very confident,Very confident,"Asynchronous (e.g. Canvas site, online readings)",,,Hybrid or hyflex (i.e. mix of asynchronous/synchronous or in-person/online),,,,,Expert interviews,Podcasts,Scholarly articles,,,,,,,UC Berkeley,"Lecturer (Unit 18, continuing, or senior)",Social Sciences and Area Studies,,"A transgender, non-binary, and/or genderqueer person",A member of the LGBTQIA+ community,A person with a minoritized gender identity in my disicpline,A person living with a disability,A person who is neurodivergent,,,A person who immigrated to the United States,,
TRUE,10/7/25 7:50,Agree,Somewhat agree,Somewhat disagree,Somewhat disagree,Strongly agree,Somewhat disagree,Strongly agree,Strongly agree,Somewhat disagree,Somewhat agree,Somewhat agree,Moderately confident,Very confident,Moderately confident,Slightly confident,Moderately confident,Moderately confident,Very confident,Slightly confident,,,,Hybrid or hyflex (i.e. mix of asynchronous/synchronous or in-person/online),,,,,Expert interviews,,,Short video clips,,,Theoretical frameworks,,,UC Berkeley,Another role,Social Sciences and Area Studies,,,,,,,,A person from a low-income family background,,,
TRUE,10/22/25 15:49,Agree,Somewhat agree,Somewhat disagree,Somewhat disagree,Strongly agree,Somewhat disagree,Strongly agree,Somewhat agree,Somewhat disagree,Somewhat agree,Somewhat agree,Very confident,Very confident,Very confident,Slightly confident,Moderately confident,Moderately confident,Moderately confident,Very confident,,,"In-person (e.g. on-campus workshop, faculty learning community)",,,,,,,,Scholarly articles,,,,,,,UC Santa Cruz,"Lecturer (Unit 18, continuing, or senior)","History, Languages, and Literatures",,,,,,,,,,,None of the above
TRUE,10/29/25 9:27,Agree,Somewhat agree,Somewhat disagree,Strongly agree,Somewhat agree,Neutral,Somewhat agree,Strongly agree,Somewhat disagree,Strongly agree,Somewhat disagree,Very confident,Very confident,Very confident,Slightly confident,Slightly confident,Moderately confident,Moderately confident,Moderately confident,"Asynchronous (e.g. Canvas site, online readings)",,"In-person (e.g. on-campus workshop, faculty learning community)",,,,,,Expert interviews,,,,,,,,,UC Berkeley,Senate Faculty,"Creative and Performing Arts, Media, and Design",,,,,,,,,,,None of the above
TRUE,10/29/25 9:49,Agree,Somewhat agree,Somewhat disagree,Strongly agree,Somewhat agree,Somewhat disagree,Neutral,Somewhat agree,Strongly disagree,Neutral,Neutral,Very confident,Moderately confident,Very confident,Slightly confident,Slightly confident,Moderately confident,Moderately confident,Moderately confident,,Synchronous online (e.g. Zoom meeting),"In-person (e.g. on-campus workshop, faculty learning community)",,,,Case studies,Discussion prompts,Expert interviews,,,,,,,,,UC Berkeley,"Lecturer (Unit 18, continuing, or senior)","Creative and Performing Arts, Media, and Design","A Black, Indigenous, and/or person of color (BIPOC)",,,,,,,,A person who immigrated to the United States,,
TRUE,10/29/25 11:29,Agree,Somewhat agree,Somewhat disagree,Strongly disagree,Strongly agree,Strongly disagree,Somewhat agree,Somewhat agree,Strongly disagree,Somewhat agree,Strongly agree,Very confident,Moderately confident,Very confident,Slightly confident,Slightly confident,Very confident,Very confident,Moderately confident,,,"In-person (e.g. on-campus workshop, faculty learning community)",Hybrid or hyflex (i.e. mix of asynchronous/synchronous or in-person/online),,,Case studies,,,,Scholarly articles,Short video clips,,,,,,UC Berkeley,Senate Faculty,Social Sciences and Area Studies,"A Black, Indigenous, and/or person of color (BIPOC)",,,,,,,,,,
TRUE,10/30/25 12:21,Agree,Somewhat agree,Somewhat disagree,Strongly agree,Somewhat disagree,Strongly disagree,Strongly agree,Strongly agree,Strongly disagree,Somewhat disagree,Somewhat agree,Moderately confident,Slightly confident,Very confident,Slightly confident,Slightly confident,Moderately confident,Moderately confident,Very confident,"Asynchronous (e.g. Canvas site, online readings)",Synchronous online (e.g. Zoom meeting),"In-person (e.g. on-campus workshop, faculty learning community)",Hybrid or hyflex (i.e. mix of asynchronous/synchronous or in-person/online),,,,,Expert interviews,,,Short video clips,,Testimonials,,,,UC Berkeley,Graduate Student Instructor,"History, Languages, and Literatures",,,A member of the LGBTQIA+ community,,,A person who is neurodivergent,,,,,
TRUE,11/3/25 13:00,Agree,Somewhat agree,Somewhat disagree,Neutral,Somewhat agree,Strongly disagree,Somewhat agree,Strongly agree,Somewhat disagree,Somewhat agree,Somewhat agree,Very confident,Very confident,Very confident,Very confident,Very confident,Moderately confident,Moderately confident,Slightly confident,,,"In-person (e.g. on-campus workshop, faculty learning community)",,,,,,,Podcasts,,Short video clips,Simulations,,,,,UC Santa Cruz,Senate Faculty,"Creative and Performing Arts, Media, and Design",,,,,,,,,,,None of the above
TRUE,11/14/25 17:09,Agree,Somewhat agree,Somewhat disagree,Strongly agree,Somewhat agree,Neutral,Neutral,Strongly agree,Strongly disagree,Neutral,Neutral,Very confident,Moderately confident,Moderately confident,Moderately confident,Moderately confident,Slightly confident,Moderately confident,Slightly confident,,Synchronous online (e.g. Zoom meeting),"In-person (e.g. on-campus workshop, faculty learning community)",Hybrid or hyflex (i.e. mix of asynchronous/synchronous or in-person/online),,,Case studies,,,,,,,,,,,UC Merced,Senate Faculty,"Science, Technology, Engineering, and Math (STEM)",,,,,,,A person who is first in my family to go to college,,,,
TRUE,10/3/25 11:08,Agree,Somewhat disagree,Somewhat disagree,Strongly agree,Strongly disagree,Strongly disagree,Strongly agree,Strongly agree,Somewhat disagree,Strongly agree,Strongly agree,Very confident,Very confident,Very confident,Very confident,Very confident,Slightly confident,Very confident,Very confident,,,,Hybrid or hyflex (i.e. mix of asynchronous/synchronous or in-person/online),,,,,,,,Short video clips,,,,"Another resource, please describe:",Hands On Experience,UC Berkeley,Another role,"Creative and Performing Arts, Media, and Design","A Black, Indigenous, and/or person of color (BIPOC)","A transgender, non-binary, and/or genderqueer person",A member of the LGBTQIA+ community,A person with a minoritized gender identity in my disicpline,A person living with a disability,A person who is neurodivergent,,,,,
TRUE,10/29/25 9:20,Agree,Somewhat disagree,Somewhat disagree,Strongly agree,Strongly agree,Strongly disagree,Strongly agree,Somewhat agree,Strongly disagree,Somewhat agree,Neutral,Very confident,Moderately confident,Moderately confident,Moderately confident,Moderately confident,Very confident,Very confident,Very confident,,,,Hybrid or hyflex (i.e. mix of asynchronous/synchronous or in-person/online),,,,,,,Scholarly articles,,,Testimonials,,,,UC Berkeley,"Lecturer (Unit 18, continuing, or senior)",Social Sciences and Area Studies,"A Black, Indigenous, and/or person of color (BIPOC)",,,,,,,,,,
TRUE,10/29/25 13:06,Agree,Somewhat disagree,Somewhat disagree,Strongly agree,Strongly agree,Strongly disagree,Strongly agree,Strongly agree,Strongly disagree,Somewhat disagree,Strongly agree,Moderately confident,Very confident,Moderately confident,Moderately confident,Very confident,Slightly confident,Moderately confident,Moderately confident,"Asynchronous (e.g. Canvas site, online readings)",,,,,,,,Expert interviews,,,,,Testimonials,Theoretical frameworks,,,UC Berkeley,Senate Faculty,"Science, Technology, Engineering, and Math (STEM)",,,,,,,A person who is first in my family to go to college,,,,
TRUE,10/29/25 15:30,Agree,Somewhat disagree,Somewhat disagree,Strongly agree,Strongly agree,Strongly disagree,Strongly agree,Strongly agree,Strongly disagree,Strongly agree,Strongly agree,Very confident,Very confident,Very confident,Moderately confident,Moderately confident,Moderately confident,Very confident,Moderately confident,"Asynchronous (e.g. Canvas site, online readings)",Synchronous online (e.g. Zoom meeting),"In-person (e.g. on-campus workshop, faculty learning community)",Hybrid or hyflex (i.e. mix of asynchronous/synchronous or in-person/online),,,,,Expert interviews,,,Short video clips,,Testimonials,,,,UC Berkeley,"Lecturer (Unit 18, continuing, or senior)","History, Languages, and Literatures",,,,,,,,,A person who immigrated to the United States,,
TRUE,9/23/25 13:55,Agree,Strongly agree,Somewhat disagree,Strongly agree,Somewhat disagree,Neutral,Somewhat agree,Strongly agree,Strongly disagree,Somewhat agree,Somewhat disagree,Very confident,Very confident,Very confident,Very confident,Moderately confident,Moderately confident,Very confident,Moderately confident,"Asynchronous (e.g. Canvas site, online readings)",Synchronous online (e.g. Zoom meeting),"In-person (e.g. on-campus workshop, faculty learning community)",Hybrid or hyflex (i.e. mix of asynchronous/synchronous or in-person/online),,,,,,,Scholarly articles,,,,,,,UC Berkeley,Senate Faculty,"Science, Technology, Engineering, and Math (STEM)",,,,,,,,,A person who immigrated to the United States,,
TRUE,9/23/25 14:15,Agree,Strongly agree,Somewhat disagree,Unsure / Unapplicable,Strongly disagree,Somewhat disagree,Strongly agree,Strongly agree,Somewhat disagree,Somewhat agree,Somewhat agree,Moderately confident,Moderately confident,Moderately confident,Moderately confident,Moderately confident,Moderately confident,Moderately confident,Very confident,"Asynchronous (e.g. Canvas site, online readings)",Synchronous online (e.g. Zoom meeting),"In-person (e.g. on-campus workshop, faculty learning community)",Hybrid or hyflex (i.e. mix of asynchronous/synchronous or in-person/online),,,Case studies,,,Podcasts,,,,,,"Another resource, please describe:",Expert interviews and scholarly articles but you wouldn't let me choose 4 so I've put these two together.,UC Berkeley,Senate Faculty,"Science, Technology, Engineering, and Math (STEM)",,,,,,,,,,,None of the above
TRUE,9/23/25 14:54,Agree,Strongly agree,Somewhat disagree,Somewhat agree,Strongly agree,Neutral,Neutral,Strongly agree,Somewhat disagree,Somewhat agree,Somewhat agree,Slightly confident,Moderately confident,Moderately confident,Very confident,Very confident,Not confident at all,Moderately confident,Slightly confident,,Synchronous online (e.g. Zoom meeting),"In-person (e.g. on-campus workshop, faculty learning community)",,,,Case studies,,,,Scholarly articles,,,,,,,UC Berkeley,Senate Faculty,"Science, Technology, Engineering, and Math (STEM)",,,,,,,,,,Decline to state,
TRUE,9/23/25 18:39,Agree,Strongly agree,Somewhat disagree,Neutral,Strongly agree,Strongly disagree,Strongly agree,Strongly agree,Strongly disagree,Strongly agree,Strongly agree,Moderately confident,Moderately confident,Very confident,Slightly confident,Very confident,Moderately confident,Very confident,Moderately confident,,Synchronous online (e.g. Zoom meeting),"In-person (e.g. on-campus workshop, faculty learning community)",,,,Case studies,,Expert interviews,,,,,,,,,UC Berkeley,Senate Faculty,"Science, Technology, Engineering, and Math (STEM)","A Black, Indigenous, and/or person of color (BIPOC)",,,,,,,,,,
TRUE,9/23/25 20:32,Agree,Strongly agree,Somewhat disagree,Strongly agree,Somewhat agree,Somewhat agree,Somewhat agree,Strongly agree,Somewhat disagree,Somewhat disagree,Somewhat disagree,Very confident,Very confident,Very confident,Moderately confident,Very confident,Moderately confident,Very confident,Very confident,"Asynchronous (e.g. Canvas site, online readings)",,,,,,,,,,Scholarly articles,,,,,,,UC Berkeley,Senate Faculty,Social Sciences and Area Studies,,,,,,A person who is neurodivergent,,A person from a low-income family background,,,
TRUE,9/24/25 8:47,Agree,Strongly agree,Somewhat disagree,Somewhat agree,Strongly agree,Unsure / Unapplicable,Somewhat agree,Somewhat disagree,Somewhat disagree,Strongly disagree,Strongly disagree,Very confident,Very confident,Very confident,Not confident at all,Moderately confident,Moderately confident,Moderately confident,Very confident,,Synchronous online (e.g. Zoom meeting),"In-person (e.g. on-campus workshop, faculty learning community)",,,,,,,Podcasts,,,Simulations,,,,,UC Berkeley,"Lecturer (Unit 18, continuing, or senior)",Social Sciences and Area Studies,,,,A person with a minoritized gender identity in my disicpline,,,,,,,
TRUE,9/24/25 14:45,Agree,Strongly agree,Somewhat disagree,Somewhat disagree,Strongly agree,Somewhat disagree,Strongly agree,Strongly agree,Strongly disagree,Somewhat disagree,Strongly agree,Moderately confident,Moderately confident,Very confident,Slightly confident,Moderately confident,Moderately confident,Moderately confident,Moderately confident,,Synchronous online (e.g. Zoom meeting),,,,,Case studies,,Expert interviews,,,,,Testimonials,,,,UC Berkeley,"Lecturer (Unit 18, continuing, or senior)","History, Languages, and Literatures",,,,,,,,,,,
TRUE,10/2/25 10:31,Agree,Strongly agree,Somewhat disagree,Unsure / Unapplicable,Strongly agree,Strongly disagree,Strongly agree,Strongly agree,Somewhat disagree,Strongly agree,Somewhat agree,Moderately confident,Very confident,Moderately confident,Very confident,Very confident,Slightly confident,Very confident,Slightly confident,"Asynchronous (e.g. Canvas site, online readings)",Synchronous online (e.g. Zoom meeting),,,,,,,,,Scholarly articles,,,,,,,UC Berkeley,Senate Faculty,Social Sciences and Area Studies,,,A member of the LGBTQIA+ community,,,,,,,,
TRUE,10/2/25 10:57,Agree,Strongly agree,Somewhat disagree,Strongly agree,Somewhat agree,Strongly disagree,Neutral,Unsure / Unapplicable,Strongly disagree,Somewhat disagree,Unsure / Unapplicable,Moderately confident,Moderately confident,Moderately confident,Moderately confident,Very confident,Very confident,Moderately confident,Moderately confident,"Asynchronous (e.g. Canvas site, online readings)",,,,,,,Discussion prompts,,,,,Simulations,,,"Another resource, please describe:",More GSIs,UC Berkeley,Senate Faculty,"Science, Technology, Engineering, and Math (STEM)",,,,,,A person who is neurodivergent,,,,,
TRUE,10/22/25 10:51,Agree,Strongly agree,Somewhat disagree,Neutral,Strongly agree,Strongly disagree,Strongly agree,Strongly agree,Strongly disagree,Strongly agree,Strongly agree,Moderately confident,Slightly confident,Moderately confident,Moderately confident,Slightly confident,Not confident at all,Very confident,Very confident,,,"In-person (e.g. on-campus workshop, faculty learning community)",,,,Case studies,,,Podcasts,Scholarly articles,,,,,,,UC Berkeley,Senate Faculty,Social Sciences and Area Studies,"A Black, Indigenous, and/or person of color (BIPOC)",,,,,A person who is neurodivergent,,A person from a low-income family background,,,
TRUE,10/29/25 12:32,Agree,Strongly agree,Somewhat disagree,Somewhat agree,Somewhat agree,Strongly disagree,Somewhat agree,Strongly agree,Strongly disagree,Neutral,Neutral,Moderately confident,Slightly confident,Moderately confident,Moderately confident,Slightly confident,Moderately confident,Moderately confident,Moderately confident,"Asynchronous (e.g. Canvas site, online readings)",Synchronous online (e.g. Zoom meeting),"In-person (e.g. on-campus workshop, faculty learning community)",,,,,,,,Scholarly articles,,Simulations,,Theoretical frameworks,,,UC Berkeley,Senate Faculty,Social Sciences and Area Studies,,,,,,,,,,,None of the above
TRUE,10/29/25 10:01,Agree,Strongly disagree,Somewhat disagree,Somewhat agree,Somewhat agree,Strongly disagree,Strongly agree,Strongly agree,Somewhat disagree,Strongly agree,Strongly agree,Very confident,Slightly confident,Moderately confident,Slightly confident,Moderately confident,Very confident,Very confident,Moderately confident,"Asynchronous (e.g. Canvas site, online readings)",,"In-person (e.g. on-campus workshop, faculty learning community)",Hybrid or hyflex (i.e. mix of asynchronous/synchronous or in-person/online),,,,,,Podcasts,,Short video clips,,Testimonials,,,,UC Berkeley,"Lecturer (Unit 18, continuing, or senior)",Social Sciences and Area Studies,"A Black, Indigenous, and/or person of color (BIPOC)",,,,,,A person who is first in my family to go to college,A person from a low-income family background,,,
TRUE,9/24/25 3:25,Agree,Somewhat agree,Strongly agree,Neutral,Strongly agree,Neutral,Somewhat disagree,Somewhat agree,Strongly agree,Strongly disagree,Somewhat disagree,Unsure / Unapplicable,Unsure / Unapplicable,Unsure / Unapplicable,Unsure / Unapplicable,Unsure / Unapplicable,Unsure / Unapplicable,Unsure / Unapplicable,Unsure / Unapplicable,,,,,,,,,,,,,,,,,,UC Berkeley,"Lecturer (Unit 18, continuing, or senior)","History, Languages, and Literatures",,,,,,,A person who is first in my family to go to college,A person from a low-income family background,,,
TRUE,10/3/25 9:18,Agree,Somewhat agree,Strongly agree,Strongly agree,Somewhat agree,Strongly disagree,Somewhat agree,Somewhat agree,Neutral,Neutral,Somewhat disagree,Moderately confident,Moderately confident,Slightly confident,Not confident at all,Moderately confident,Slightly confident,Slightly confident,Slightly confident,"Asynchronous (e.g. Canvas site, online readings)",Synchronous online (e.g. Zoom meeting),,,,,,,,,Scholarly articles,,Simulations,Testimonials,,,,UC Berkeley,"Lecturer (Unit 18, continuing, or senior)","Creative and Performing Arts, Media, and Design",,,,,,,,A person from a low-income family background,,,
TRUE,10/29/25 10:48,Agree,Somewhat agree,Strongly agree,Somewhat agree,Somewhat agree,Strongly disagree,Strongly agree,Somewhat disagree,Strongly disagree,Neutral,Somewhat agree,Very confident,Moderately confident,Very confident,Very confident,Slightly confident,Very confident,Moderately confident,Moderately confident,,,"In-person (e.g. on-campus workshop, faculty learning community)",,,,,,,,,,,,,"Another resource, please describe:","Actual policy actions at the campus level which enable us to teach in ways that do not require the dropping of rigor, while being inclusive. Student evals are a massive problem - students in a class don't really recognise teaching strategies design to give them critical skills for 2-3 years down the road. ",UC Berkeley,Senate Faculty,"Science, Technology, Engineering, and Math (STEM)",,"A transgender, non-binary, and/or genderqueer person",A member of the LGBTQIA+ community,A person with a minoritized gender identity in my disicpline,,A person who is neurodivergent,A person who is first in my family to go to college,,A person who immigrated to the United States,,
TRUE,10/29/25 11:57,Agree,Somewhat agree,Strongly agree,Strongly agree,Strongly agree,Somewhat disagree,Strongly agree,Somewhat agree,Somewhat disagree,Somewhat agree,Somewhat disagree,Very confident,Moderately confident,Very confident,Moderately confident,Very confident,Very confident,Very confident,Very confident,,,,,,,,,,,,,,,,,,UC Berkeley,Senate Faculty,"History, Languages, and Literatures",,,,,,,,,A person who immigrated to the United States,,
TRUE,9/23/25 13:57,Agree,Strongly agree,Strongly agree,Strongly agree,Strongly disagree,Somewhat disagree,Somewhat disagree,Strongly agree,Unsure / Unapplicable,Strongly disagree,Strongly disagree,Moderately confident,Very confident,Very confident,Moderately confident,Moderately confident,Very confident,Very confident,Moderately confident,,,"In-person (e.g. on-campus workshop, faculty learning community)",,,,,,,,,,,,,"Another resource, please describe:",I'm not sure I understand the question. Sorry.,UC Berkeley,Another role,"Professional Fields (e.g. business, administration, legal, physical and mental health)",,,,,A person living with a disability,,,,A person who immigrated to the United States,,
TRUE,9/23/25 14:28,Agree,Strongly agree,Strongly agree,Somewhat agree,Somewhat disagree,Strongly agree,Neutral,Somewhat agree,Somewhat agree,Somewhat disagree,Strongly disagree,Moderately confident,Very confident,Very confident,Moderately confident,Very confident,Very confident,Unsure / Unapplicable,Moderately confident,"Asynchronous (e.g. Canvas site, online readings)",Synchronous online (e.g. Zoom meeting),,Hybrid or hyflex (i.e. mix of asynchronous/synchronous or in-person/online),,,Case studies,,,,Scholarly articles,,,,Theoretical frameworks,,,UC Berkeley,Senate Faculty,"Science, Technology, Engineering, and Math (STEM)",,,,,A person living with a disability,,,A person from a low-income family background,,,
TRUE,9/23/25 14:47,Agree,Strongly agree,Strongly agree,Somewhat disagree,Strongly agree,Strongly agree,Somewhat agree,Strongly agree,Somewhat agree,Strongly disagree,Somewhat agree,Very confident,Slightly confident,Moderately confident,Very confident,Moderately confident,Moderately confident,Very confident,Slightly confident,,,"In-person (e.g. on-campus workshop, faculty learning community)",,,,Case studies,Discussion prompts,,,,,,,Theoretical frameworks,,,UC Berkeley,Senate Faculty,"Professional Fields (e.g. business, administration, legal, physical and mental health)",,,,,A person living with a disability,A person who is neurodivergent,,,,,
TRUE,9/24/25 13:39,Agree,Strongly agree,Strongly agree,Strongly agree,Somewhat agree,Somewhat agree,Strongly disagree,Somewhat agree,Strongly agree,Somewhat agree,Somewhat disagree,Moderately confident,Very confident,Very confident,Very confident,Unsure / Unapplicable,Unsure / Unapplicable,Very confident,Unsure / Unapplicable,"Asynchronous (e.g. Canvas site, online readings)",,,,,,Case studies,,,,Scholarly articles,,,,Theoretical frameworks,,,UC Berkeley,Senate Faculty,"Science, Technology, Engineering, and Math (STEM)",,,,,,,,,,,None of the above
TRUE,10/2/25 9:11,Agree,Strongly agree,Strongly agree,Strongly agree,Strongly disagree,Somewhat agree,Somewhat agree,Somewhat agree,Somewhat agree,Strongly disagree,Somewhat agree,Very confident,Unsure / Unapplicable,Very confident,Slightly confident,Slightly confident,Very confident,Moderately confident,Very confident,,,"In-person (e.g. on-campus workshop, faculty learning community)",,,,Case studies,,,,,,,,,,,UC Berkeley,Senate Faculty,Social Sciences and Area Studies,,,,,,A person who is neurodivergent,,,,,
TRUE,10/2/25 10:21,Agree,Strongly agree,Strongly agree,Strongly agree,Strongly agree,Somewhat disagree,Strongly agree,Somewhat agree,Neutral,Somewhat agree,Somewhat agree,Very confident,Very confident,Very confident,Very confident,Very confident,Moderately confident,Very confident,Very confident,"Asynchronous (e.g. Canvas site, online readings)",,,,,,,,Expert interviews,,Scholarly articles,,,Testimonials,,,,UC Berkeley,Graduate Student Instructor,"History, Languages, and Literatures",,,,A person with a minoritized gender identity in my disicpline,A person living with a disability,A person who is neurodivergent,,,,,
TRUE,10/4/25 17:18,Agree,Strongly agree,Strongly agree,Neutral,Strongly disagree,Strongly agree,Neutral,Somewhat disagree,Strongly agree,Strongly disagree,Strongly disagree,Very confident,Unsure / Unapplicable,Very confident,Unsure / Unapplicable,Unsure / Unapplicable,Very confident,Very confident,Very confident,,,"In-person (e.g. on-campus workshop, faculty learning community)",,,,,Discussion prompts,Expert interviews,,Scholarly articles,,,,,,,UC Berkeley,Senate Faculty,"History, Languages, and Literatures",,,,,,,,,A person who immigrated to the United States,,
TRUE,10/4/25 17:33,Agree,Strongly agree,Strongly agree,Neutral,Strongly disagree,Strongly agree,Neutral,Neutral,Strongly agree,Strongly disagree,Strongly disagree,Very confident,Very confident,Very confident,Very confident,Very confident,Very confident,Very confident,Very confident,,,"In-person (e.g. on-campus workshop, faculty learning community)",,,,,,,,Scholarly articles,,,Testimonials,,,,Decline to state,Senate Faculty,"History, Languages, and Literatures",,,,A person with a minoritized gender identity in my disicpline,,,,,A person who immigrated to the United States,,
TRUE,10/6/25 14:50,Agree,Strongly agree,Strongly agree,Strongly agree,Somewhat disagree,Strongly agree,Neutral,Somewhat agree,Somewhat disagree,Strongly disagree,Strongly disagree,Slightly confident,Very confident,Slightly confident,Slightly confident,Moderately confident,Slightly confident,Slightly confident,Slightly confident,"Asynchronous (e.g. Canvas site, online readings)",Synchronous online (e.g. Zoom meeting),,,,,Case studies,,,,,,,,,,,UC Berkeley,Senate Faculty,Social Sciences and Area Studies,,,,,,,,,,Decline to state,
FALSE,10/9/25 21:09,Agree,Strongly agree,Strongly agree,Neutral,Somewhat agree,Unsure / Unapplicable,Neutral,,Neutral,Strongly agree,Somewhat disagree,,Moderately confident,Moderately confident,,,,Unsure / Unapplicable,,,,,,,,,,,,,,,,,,,,,,,,,,,,,,,,
TRUE,10/20/25 11:35,Agree,Strongly agree,Strongly agree,Neutral,Strongly agree,Strongly agree,Somewhat disagree,Somewhat agree,Strongly agree,Somewhat agree,Somewhat disagree,Moderately confident,Very confident,Moderately confident,Very confident,Slightly confident,Moderately confident,Unsure / Unapplicable,Unsure / Unapplicable,,Synchronous online (e.g. Zoom meeting),"In-person (e.g. on-campus workshop, faculty learning community)",,,,Case studies,Discussion prompts,,,,,,,Theoretical frameworks,,,Decline to state,Senate Faculty,"History, Languages, and Literatures",,,,,,,,,,Decline to state,
TRUE,10/20/25 12:47,Agree,Strongly agree,Strongly agree,Strongly agree,Strongly disagree,Strongly agree,Somewhat disagree,Strongly agree,Strongly agree,Strongly disagree,Strongly disagree,Slightly confident,Slightly confident,Moderately confident,Moderately confident,Moderately confident,Slightly confident,Moderately confident,Moderately confident,"Asynchronous (e.g. Canvas site, online readings)",Synchronous online (e.g. Zoom meeting),"In-person (e.g. on-campus workshop, faculty learning community)",Hybrid or hyflex (i.e. mix of asynchronous/synchronous or in-person/online),,,Case studies,,,,,,,,,,,UC Santa Cruz,Senate Faculty,"Science, Technology, Engineering, and Math (STEM)",,,,,,,,,A person who immigrated to the United States,,
TRUE,10/21/25 12:43,Agree,Strongly agree,Strongly agree,Strongly agree,Strongly agree,Somewhat agree,Somewhat disagree,Somewhat disagree,Strongly disagree,Strongly disagree,Strongly disagree,Slightly confident,Slightly confident,Slightly confident,Moderately confident,Slightly confident,Not confident at all,Not confident at all,Moderately confident,,,"In-person (e.g. on-campus workshop, faculty learning community)",,,,,,,Podcasts,,Short video clips,,Testimonials,,,,UC Santa Cruz,Senate Faculty,Social Sciences and Area Studies,,,,,,,,,,,None of the above
TRUE,10/29/25 11:06,Agree,Strongly agree,Strongly agree,Strongly agree,Somewhat agree,Somewhat disagree,Somewhat agree,Somewhat agree,Neutral,Strongly agree,Somewhat agree,Moderately confident,Very confident,Very confident,Not confident at all,Moderately confident,Moderately confident,Moderately confident,Very confident,"Asynchronous (e.g. Canvas site, online readings)",,,Hybrid or hyflex (i.e. mix of asynchronous/synchronous or in-person/online),,,,,,,Scholarly articles,,,,,,,UC Berkeley,Senate Faculty,Social Sciences and Area Studies,,,,,,,,,,,None of the above
TRUE,10/29/25 12:12,Agree,Strongly agree,Strongly agree,Strongly agree,Strongly disagree,Strongly agree,Strongly disagree,Neutral,Strongly agree,Strongly disagree,Strongly agree,Very confident,Very confident,Very confident,Very confident,Very confident,Very confident,Very confident,Very confident,,,"In-person (e.g. on-campus workshop, faculty learning community)",,,,,,,,,,,,,,,UC Berkeley,Senate Faculty,"History, Languages, and Literatures",,,,,,,,,,Decline to state,
TRUE,10/29/25 15:55,Agree,Strongly agree,Strongly agree,Strongly agree,Strongly disagree,Strongly agree,Neutral,Strongly agree,Strongly agree,Strongly disagree,Strongly disagree,Very confident,Unsure / Unapplicable,Very confident,Moderately confident,Not confident at all,Not confident at all,Very confident,Very confident,,,,Hybrid or hyflex (i.e. mix of asynchronous/synchronous or in-person/online),,,,,,,,,,,,,,UC Berkeley,Senate Faculty,"History, Languages, and Literatures",,,,,,,A person who is first in my family to go to college,A person from a low-income family background,,,
TRUE,11/14/25 9:28,Agree,Strongly agree,Strongly agree,Neutral,Strongly agree,Strongly disagree,Strongly agree,Strongly agree,Strongly disagree,Somewhat agree,Somewhat agree,Very confident,Very confident,Very confident,Very confident,Moderately confident,Very confident,Very confident,Moderately confident,,,"In-person (e.g. on-campus workshop, faculty learning community)",,,,Case studies,,Expert interviews,,,Short video clips,,,,,,UC Merced,Senate Faculty,"Science, Technology, Engineering, and Math (STEM)",,,,,,,,,,Decline to state,
TRUE,11/14/25 10:47,Agree,Strongly agree,Strongly agree,Strongly agree,Somewhat disagree,Somewhat agree,Strongly agree,Somewhat disagree,Somewhat agree,Somewhat disagree,Somewhat disagree,Very confident,Moderately confident,Very confident,Moderately confident,Moderately confident,Slightly confident,Moderately confident,Very confident,,,,Hybrid or hyflex (i.e. mix of asynchronous/synchronous or in-person/online),,,Case studies,,,Podcasts,Scholarly articles,,,,,,,UC Merced,"Lecturer (Unit 18, continuing, or senior)","Science, Technology, Engineering, and Math (STEM)",,,,A person with a minoritized gender identity in my disicpline,,,A person who is first in my family to go to college,A person from a low-income family background,,,
TRUE,10/29/25 18:17,Agree,Strongly disagree,Strongly agree,Strongly agree,Strongly disagree,Strongly agree,Strongly disagree,Strongly agree,Strongly agree,Strongly disagree,Strongly disagree,Very confident,Unsure / Unapplicable,Very confident,Unsure / Unapplicable,Unsure / Unapplicable,Unsure / Unapplicable,Unsure / Unapplicable,Unsure / Unapplicable,,,"In-person (e.g. on-campus workshop, faculty learning community)",,,,,,,,Scholarly articles,,,,,,,UC Berkeley,Senate Faculty,"Science, Technology, Engineering, and Math (STEM)",,,,,,,,,A person who immigrated to the United States,,
TRUE,9/23/25 14:42,Agree,Neutral,Strongly disagree,Somewhat agree,Strongly agree,Strongly disagree,Strongly agree,Somewhat agree,Strongly disagree,Strongly agree,Strongly agree,Very confident,Moderately confident,Very confident,Very confident,Very confident,Moderately confident,Moderately confident,Very confident,"Asynchronous (e.g. Canvas site, online readings)",,"In-person (e.g. on-campus workshop, faculty learning community)",,,,Case studies,,Expert interviews,,,Short video clips,,,,,,UC Berkeley,Senate Faculty,"History, Languages, and Literatures",,,,,,,,,,,None of the above
TRUE,10/20/25 10:55,Agree,Neutral,Strongly disagree,Strongly disagree,Somewhat agree,Strongly disagree,Strongly agree,Strongly agree,Strongly disagree,Somewhat agree,Somewhat agree,Moderately confident,Moderately confident,Moderately confident,Moderately confident,Moderately confident,Moderately confident,Moderately confident,Moderately confident,,Synchronous online (e.g. Zoom meeting),"In-person (e.g. on-campus workshop, faculty learning community)",,,,,,,Podcasts,Scholarly articles,Short video clips,,,,,,UC Santa Cruz,Another role,Another discipline,,,A member of the LGBTQIA+ community,,,,,,,,
TRUE,10/29/25 14:23,Agree,Neutral,Strongly disagree,Strongly agree,Strongly agree,Strongly disagree,Strongly agree,Strongly agree,Strongly disagree,Strongly agree,Strongly agree,Very confident,Moderately confident,Very confident,Slightly confident,Moderately confident,Very confident,Very confident,Very confident,,,"In-person (e.g. on-campus workshop, faculty learning community)",,,,Case studies,,Expert interviews,Podcasts,,,,,,,,UC Berkeley,Senate Faculty,Social Sciences and Area Studies,,,,,,,,,,,None of the above
TRUE,10/29/25 16:41,Agree,Neutral,Strongly disagree,Somewhat agree,Strongly agree,Strongly disagree,Neutral,Somewhat disagree,Strongly disagree,Somewhat agree,Neutral,Very confident,Moderately confident,Very confident,Slightly confident,Not confident at all,Moderately confident,Very confident,Slightly confident,,,"In-person (e.g. on-campus workshop, faculty learning community)",Hybrid or hyflex (i.e. mix of asynchronous/synchronous or in-person/online),,,Case studies,Discussion prompts,,,,Short video clips,,,,,,UC Berkeley,Senate Faculty,"Science, Technology, Engineering, and Math (STEM)","A Black, Indigenous, and/or person of color (BIPOC)",,,A person with a minoritized gender identity in my disicpline,,,,,A person who immigrated to the United States,,
TRUE,11/3/25 21:03,Agree,Neutral,Strongly disagree,Somewhat agree,Somewhat agree,Somewhat disagree,,,,,,,,,,,,,,,,,,,,,,,,,,,,,,,,,,,,,,,,,,,,
TRUE,9/23/25 14:07,Agree,Somewhat agree,Strongly disagree,Strongly disagree,Strongly agree,Strongly disagree,Somewhat agree,Strongly agree,Strongly disagree,Strongly agree,Strongly agree,Moderately confident,Very confident,Moderately confident,Moderately confident,Moderately confident,Moderately confident,Slightly confident,Moderately confident,,,"In-person (e.g. on-campus workshop, faculty learning community)",,,,Case studies,,,,Scholarly articles,Short video clips,,,,,,UC Berkeley,Another role,Social Sciences and Area Studies,,,,,,,,,,,None of the above
TRUE,9/23/25 14:19,Agree,Somewhat agree,Strongly disagree,Somewhat agree,Strongly agree,Somewhat disagree,Somewhat agree,Strongly agree,Strongly disagree,Strongly agree,Strongly agree,Moderately confident,Very confident,Very confident,Very confident,Moderately confident,Moderately confident,Moderately confident,Moderately confident,,,,Hybrid or hyflex (i.e. mix of asynchronous/synchronous or in-person/online),,,,,,,,Short video clips,Simulations,Testimonials,,,,UC Berkeley,Senate Faculty,"Science, Technology, Engineering, and Math (STEM)","A Black, Indigenous, and/or person of color (BIPOC)",,,,,,,,,,
TRUE,9/23/25 15:52,Agree,Somewhat agree,Strongly disagree,Somewhat agree,Neutral,Somewhat disagree,Strongly agree,Strongly agree,Somewhat disagree,Somewhat agree,Strongly agree,Very confident,Slightly confident,Very confident,Not confident at all,Not confident at all,Slightly confident,Slightly confident,Slightly confident,"Asynchronous (e.g. Canvas site, online readings)",Synchronous online (e.g. Zoom meeting),"In-person (e.g. on-campus workshop, faculty learning community)",,,,Case studies,,,,,Short video clips,Simulations,,,,,UC Berkeley,Senate Faculty,"Science, Technology, Engineering, and Math (STEM)",,,,,,,A person who is first in my family to go to college,,A person who immigrated to the United States,,
TRUE,9/24/25 10:24,Agree,Somewhat agree,Strongly disagree,Somewhat agree,Somewhat agree,Strongly disagree,Strongly agree,Strongly agree,Somewhat disagree,Strongly agree,Strongly agree,Moderately confident,Slightly confident,Moderately confident,Moderately confident,Moderately confident,Very confident,Very confident,Moderately confident,"Asynchronous (e.g. Canvas site, online readings)",Synchronous online (e.g. Zoom meeting),"In-person (e.g. on-campus workshop, faculty learning community)",Hybrid or hyflex (i.e. mix of asynchronous/synchronous or in-person/online),,,Case studies,,Expert interviews,,,Short video clips,,,,,,UC Berkeley,"Lecturer (Unit 18, continuing, or senior)",Social Sciences and Area Studies,,"A transgender, non-binary, and/or genderqueer person",,,,,,,A person who immigrated to the United States,,
TRUE,9/24/25 13:50,Agree,Somewhat agree,Strongly disagree,Somewhat disagree,Strongly agree,Somewhat disagree,Strongly agree,Strongly agree,Strongly disagree,Somewhat agree,Somewhat agree,Moderately confident,Slightly confident,Slightly confident,Slightly confident,Moderately confident,Moderately confident,Moderately confident,Moderately confident,"Asynchronous (e.g. Canvas site, online readings)",Synchronous online (e.g. Zoom meeting),"In-person (e.g. on-campus workshop, faculty learning community)",Hybrid or hyflex (i.e. mix of asynchronous/synchronous or in-person/online),,,Case studies,,,,Scholarly articles,,,,Theoretical frameworks,,,UC Berkeley,Another role,"Science, Technology, Engineering, and Math (STEM)",,,,,,,,,,,None of the above
TRUE,9/24/25 15:45,Agree,Somewhat agree,Strongly disagree,Strongly disagree,Somewhat disagree,Strongly disagree,Strongly agree,Strongly agree,Strongly disagree,Somewhat agree,Strongly agree,Very confident,Moderately confident,Very confident,Very confident,Very confident,Moderately confident,Very confident,Very confident,"Asynchronous (e.g. Canvas site, online readings)",Synchronous online (e.g. Zoom meeting),"In-person (e.g. on-campus workshop, faculty learning community)",Hybrid or hyflex (i.e. mix of asynchronous/synchronous or in-person/online),"Another format, please describe:",reading books,,Discussion prompts,,,,Short video clips,,,Theoretical frameworks,,,UC Berkeley,"Lecturer (Unit 18, continuing, or senior)",Social Sciences and Area Studies,,,,,,A person who is neurodivergent,,,,,
TRUE,9/28/25 10:12,Agree,Somewhat agree,Strongly disagree,Somewhat agree,Strongly agree,Strongly disagree,Strongly agree,Strongly agree,Somewhat disagree,Strongly agree,Strongly agree,Moderately confident,Moderately confident,Moderately confident,Moderately confident,Moderately confident,Slightly confident,Moderately confident,Moderately confident,,,,Hybrid or hyflex (i.e. mix of asynchronous/synchronous or in-person/online),,,Case studies,Discussion prompts,,,,Short video clips,,,,,,UC Berkeley,"Lecturer (Unit 18, continuing, or senior)","Creative and Performing Arts, Media, and Design",,,,,,,,,,,None of the above
TRUE,10/2/25 9:52,Agree,Somewhat agree,Strongly disagree,Strongly agree,Strongly agree,Strongly disagree,Strongly agree,Strongly agree,Somewhat disagree,Somewhat agree,Somewhat agree,Very confident,Slightly confident,Moderately confident,Moderately confident,Moderately confident,Slightly confident,Very confident,Moderately confident,"Asynchronous (e.g. Canvas site, online readings)",Synchronous online (e.g. Zoom meeting),"In-person (e.g. on-campus workshop, faculty learning community)",,,,Case studies,,Expert interviews,,,,Simulations,,,,,UC Berkeley,Graduate Student Instructor,"History, Languages, and Literatures",,"A transgender, non-binary, and/or genderqueer person",A member of the LGBTQIA+ community,A person with a minoritized gender identity in my disicpline,,,,,,,
TRUE,10/7/25 6:37,Agree,Somewhat agree,Strongly disagree,Somewhat disagree,Strongly disagree,Strongly disagree,Strongly agree,Strongly agree,Strongly disagree,Strongly agree,Strongly agree,Very confident,Very confident,Very confident,Very confident,Very confident,Very confident,Very confident,Very confident,"Asynchronous (e.g. Canvas site, online readings)",,,Hybrid or hyflex (i.e. mix of asynchronous/synchronous or in-person/online),,,Case studies,,Expert interviews,,Scholarly articles,,,,,,,UC Berkeley,"Lecturer (Unit 18, continuing, or senior)","Professional Fields (e.g. business, administration, legal, physical and mental health)","A Black, Indigenous, and/or person of color (BIPOC)",,,,,,,,,,
TRUE,10/20/25 10:34,Agree,Somewhat agree,Strongly disagree,Somewhat agree,Strongly agree,Somewhat disagree,Somewhat agree,Neutral,Somewhat disagree,Neutral,Somewhat agree,Very confident,Moderately confident,Moderately confident,Moderately confident,Very confident,Slightly confident,Moderately confident,Moderately confident,,Synchronous online (e.g. Zoom meeting),"In-person (e.g. on-campus workshop, faculty learning community)",,,,Case studies,,,,,,Simulations,,,"Another resource, please describe:",Practical strategies that I can implement in my classroom,UC Santa Cruz,Senate Faculty,"Science, Technology, Engineering, and Math (STEM)",,,,A person with a minoritized gender identity in my disicpline,,,,,,,
TRUE,10/20/25 10:35,Agree,Somewhat agree,Strongly disagree,Somewhat agree,Unsure / Unapplicable,Strongly disagree,Strongly agree,Strongly agree,Strongly disagree,Strongly agree,Strongly agree,Moderately confident,Not confident at all,Moderately confident,Not confident at all,Slightly confident,Moderately confident,Very confident,Moderately confident,,,"In-person (e.g. on-campus workshop, faculty learning community)",,,,,Discussion prompts,,Podcasts,,Short video clips,,,,,,UC Santa Cruz,Senate Faculty,Social Sciences and Area Studies,,,A member of the LGBTQIA+ community,,,,,A person from a low-income family background,,,
TRUE,10/20/25 11:18,Agree,Somewhat agree,Strongly disagree,Neutral,Strongly agree,Strongly disagree,Strongly agree,Strongly agree,Strongly disagree,Strongly agree,Strongly agree,Very confident,Very confident,Very confident,Very confident,Very confident,Moderately confident,Very confident,Very confident,"Asynchronous (e.g. Canvas site, online readings)",Synchronous online (e.g. Zoom meeting),"In-person (e.g. on-campus workshop, faculty learning community)",Hybrid or hyflex (i.e. mix of asynchronous/synchronous or in-person/online),,,,Discussion prompts,Expert interviews,Podcasts,,,,,,,,UC Santa Cruz,Senate Faculty,"Science, Technology, Engineering, and Math (STEM)","A Black, Indigenous, and/or person of color (BIPOC)",,,,,,,,A person who immigrated to the United States,,
TRUE,10/20/25 11:58,Agree,Somewhat agree,Strongly disagree,Somewhat disagree,Strongly agree,Strongly disagree,Strongly agree,Strongly agree,Somewhat disagree,Strongly agree,Somewhat agree,Moderately confident,Moderately confident,Moderately confident,Moderately confident,Moderately confident,Not confident at all,Moderately confident,Moderately confident,,Synchronous online (e.g. Zoom meeting),"In-person (e.g. on-campus workshop, faculty learning community)",,,,,,,,,Short video clips,,Testimonials,Theoretical frameworks,,,UC Santa Cruz,Senate Faculty,Another discipline,,,,,,,,,,Decline to state,
TRUE,10/29/25 15:55,Agree,Somewhat agree,Strongly disagree,Somewhat disagree,Strongly agree,Strongly disagree,Strongly agree,Somewhat agree,Strongly disagree,Strongly agree,Strongly agree,Very confident,Very confident,Very confident,Moderately confident,Moderately confident,Very confident,Very confident,Very confident,,,,Hybrid or hyflex (i.e. mix of asynchronous/synchronous or in-person/online),,,,,,,,,Simulations,,,,,UC Berkeley,Senate Faculty,Social Sciences and Area Studies,"A Black, Indigenous, and/or person of color (BIPOC)","A transgender, non-binary, and/or genderqueer person",A member of the LGBTQIA+ community,A person with a minoritized gender identity in my disicpline,A person living with a disability,A person who is neurodivergent,,,,,
TRUE,10/29/25 20:58,Agree,Somewhat agree,Strongly disagree,Strongly agree,Strongly agree,Strongly disagree,Neutral,Somewhat agree,Somewhat disagree,Somewhat agree,Somewhat agree,Moderately confident,Moderately confident,Moderately confident,Slightly confident,Moderately confident,Slightly confident,Slightly confident,Slightly confident,,,"In-person (e.g. on-campus workshop, faculty learning community)",,,,Case studies,,,,,Short video clips,Simulations,,,,,UC Berkeley,Senate Faculty,"Science, Technology, Engineering, and Math (STEM)",,,A member of the LGBTQIA+ community,,A person living with a disability,,,,,,
TRUE,11/4/25 13:47,Agree,Somewhat agree,Strongly disagree,Neutral,Strongly agree,Neutral,Strongly agree,Somewhat agree,Strongly disagree,Strongly agree,Strongly agree,Very confident,Very confident,Very confident,Very confident,Very confident,Very confident,Moderately confident,Moderately confident,,,"In-person (e.g. on-campus workshop, faculty learning community)",,,,Case studies,,,,Scholarly articles,,,,Theoretical frameworks,,,UC Merced,"Lecturer (Unit 18, continuing, or senior)",Social Sciences and Area Studies,,,A member of the LGBTQIA+ community,,,,A person who is first in my family to go to college,,,,
TRUE,9/23/25 21:44,Agree,Somewhat disagree,Strongly disagree,Somewhat agree,Somewhat agree,Strongly disagree,Strongly agree,Strongly agree,Strongly disagree,Somewhat agree,Somewhat agree,Very confident,Moderately confident,Very confident,Moderately confident,Moderately confident,Moderately confident,Moderately confident,Very confident,,,"In-person (e.g. on-campus workshop, faculty learning community)",,,,,Discussion prompts,,,,,,Testimonials,Theoretical frameworks,,,UC Berkeley,"Lecturer (Unit 18, continuing, or senior)",Another discipline,,,,,,,,,,,None of the above
TRUE,10/20/25 14:32,Agree,Somewhat disagree,Strongly disagree,Somewhat disagree,Strongly agree,Strongly disagree,Somewhat agree,Somewhat agree,Strongly disagree,Strongly agree,Strongly agree,Very confident,Moderately confident,Very confident,Very confident,Moderately confident,Very confident,Very confident,Very confident,,,"In-person (e.g. on-campus workshop, faculty learning community)",,,,Case studies,,,,,,,,,,,UC Santa Cruz,Senate Faculty,Social Sciences and Area Studies,"A Black, Indigenous, and/or person of color (BIPOC)",,,,,,A person who is first in my family to go to college,,,,
TRUE,10/29/25 9:57,Agree,Somewhat disagree,Strongly disagree,Strongly agree,Strongly agree,Strongly disagree,Strongly agree,Strongly agree,Strongly disagree,Strongly agree,Strongly agree,Very confident,Moderately confident,Very confident,Moderately confident,Very confident,Moderately confident,Very confident,Very confident,,,"In-person (e.g. on-campus workshop, faculty learning community)",,,,,,,Podcasts,,Short video clips,,Testimonials,,,,UC Berkeley,Senate Faculty,Social Sciences and Area Studies,,,,,,,A person who is first in my family to go to college,A person from a low-income family background,,,
TRUE,9/23/25 14:19,Agree,Strongly agree,Strongly disagree,Somewhat agree,Somewhat agree,Strongly disagree,Somewhat agree,Somewhat agree,Strongly disagree,Somewhat agree,Strongly agree,Moderately confident,Slightly confident,Moderately confident,Very confident,Very confident,Moderately confident,Very confident,Very confident,"Asynchronous (e.g. Canvas site, online readings)",Synchronous online (e.g. Zoom meeting),"In-person (e.g. on-campus workshop, faculty learning community)",Hybrid or hyflex (i.e. mix of asynchronous/synchronous or in-person/online),,,Case studies,,,,,,Simulations,Testimonials,,,,UC Berkeley,"Lecturer (Unit 18, continuing, or senior)","Science, Technology, Engineering, and Math (STEM)","A Black, Indigenous, and/or person of color (BIPOC)",,,,,A person who is neurodivergent,,,,,
TRUE,9/23/25 15:49,Agree,Strongly agree,Strongly disagree,Somewhat agree,Strongly agree,Neutral,Neutral,Strongly agree,Strongly disagree,Somewhat agree,Somewhat agree,Moderately confident,Slightly confident,Moderately confident,Slightly confident,Slightly confident,Very confident,Very confident,Very confident,,Synchronous online (e.g. Zoom meeting),"In-person (e.g. on-campus workshop, faculty learning community)",Hybrid or hyflex (i.e. mix of asynchronous/synchronous or in-person/online),,,,Discussion prompts,,,,Short video clips,,,,,,UC Berkeley,Another role,Social Sciences and Area Studies,,,,,,,,,,,None of the above
TRUE,9/24/25 8:18,Agree,Strongly agree,Strongly disagree,Strongly agree,Neutral,Somewhat agree,Strongly disagree,Strongly agree,Strongly disagree,Neutral,Strongly agree,Very confident,Unsure / Unapplicable,Very confident,Very confident,Very confident,Unsure / Unapplicable,Unsure / Unapplicable,Unsure / Unapplicable,,,"In-person (e.g. on-campus workshop, faculty learning community)",,"Another format, please describe:",my experience with these trainings is that they are a total waste of time,,,,,,,,,,"Another resource, please describe:",none,UC Berkeley,Senate Faculty,"Science, Technology, Engineering, and Math (STEM)",,,,,,,,,,,None of the above
TRUE,9/24/25 10:02,Agree,Strongly agree,Strongly disagree,Strongly agree,Neutral,Somewhat disagree,Somewhat agree,Neutral,Strongly disagree,Somewhat agree,Somewhat agree,Very confident,Unsure / Unapplicable,Very confident,Moderately confident,Moderately confident,Moderately confident,Very confident,Moderately confident,,,"In-person (e.g. on-campus workshop, faculty learning community)",Hybrid or hyflex (i.e. mix of asynchronous/synchronous or in-person/online),,,Case studies,,Expert interviews,,,,,,,"Another resource, please describe:","A reasonable take on accommodations for R&C courses, not the current insanity ",UC Berkeley,"Lecturer (Unit 18, continuing, or senior)",Another discipline,"A Black, Indigenous, and/or person of color (BIPOC)","A transgender, non-binary, and/or genderqueer person",,,A person living with a disability,A person who is neurodivergent,A person who is first in my family to go to college,A person from a low-income family background,,,
TRUE,9/24/25 11:50,Agree,Strongly agree,Strongly disagree,Somewhat agree,Strongly agree,Strongly disagree,Unsure / Unapplicable,Somewhat agree,Unsure / Unapplicable,Unsure / Unapplicable,Somewhat disagree,Very confident,Unsure / Unapplicable,Very confident,Moderately confident,Moderately confident,Moderately confident,Moderately confident,Moderately confident,,,"In-person (e.g. on-campus workshop, faculty learning community)",,,,,,,,,,,,,"Another resource, please describe:",In-person conversations,UC Berkeley,"Lecturer (Unit 18, continuing, or senior)",Social Sciences and Area Studies,,,,,,,,,,,None of the above
TRUE,9/26/25 15:26,Agree,Strongly agree,Strongly disagree,Neutral,Strongly agree,Strongly disagree,Somewhat agree,Strongly agree,Strongly disagree,Strongly agree,Strongly agree,Moderately confident,Not confident at all,Moderately confident,Not confident at all,Not confident at all,Moderately confident,Moderately confident,Slightly confident,"Asynchronous (e.g. Canvas site, online readings)",,,,,,Case studies,,,,,Short video clips,,,,"Another resource, please describe:",anything short,UC Berkeley,Senate Faculty,"Science, Technology, Engineering, and Math (STEM)","A Black, Indigenous, and/or person of color (BIPOC)",,,,,,,,,,
TRUE,10/13/25 8:27,Agree,Strongly agree,Strongly disagree,Somewhat agree,Strongly agree,Strongly disagree,Neutral,Neutral,Somewhat disagree,Strongly agree,Neutral,Very confident,Moderately confident,Very confident,Slightly confident,Moderately confident,Slightly confident,Moderately confident,Very confident,"Asynchronous (e.g. Canvas site, online readings)",Synchronous online (e.g. Zoom meeting),"In-person (e.g. on-campus workshop, faculty learning community)",Hybrid or hyflex (i.e. mix of asynchronous/synchronous or in-person/online),,,Case studies,,Expert interviews,,,,Simulations,,,,,UC Santa Barbara,Another role,Social Sciences and Area Studies,,,,,,,,,,,None of the above
TRUE,10/20/25 10:30,Agree,Strongly agree,Strongly disagree,Strongly disagree,Strongly disagree,Somewhat disagree,Strongly agree,Strongly agree,Strongly disagree,Strongly agree,Strongly agree,Moderately confident,Slightly confident,Moderately confident,Slightly confident,Moderately confident,Slightly confident,Moderately confident,Very confident,"Asynchronous (e.g. Canvas site, online readings)",Synchronous online (e.g. Zoom meeting),"In-person (e.g. on-campus workshop, faculty learning community)",Hybrid or hyflex (i.e. mix of asynchronous/synchronous or in-person/online),,,,,,Podcasts,,,Simulations,,Theoretical frameworks,,,UC Santa Cruz,Senate Faculty,Social Sciences and Area Studies,,,,A person with a minoritized gender identity in my disicpline,,,,,,,
TRUE,10/20/25 10:32,Agree,Strongly agree,Strongly disagree,Strongly disagree,Strongly agree,Somewhat agree,Strongly agree,Strongly agree,Neutral,Somewhat agree,Strongly agree,Moderately confident,Moderately confident,Moderately confident,Moderately confident,Very confident,Moderately confident,Very confident,Slightly confident,,,"In-person (e.g. on-campus workshop, faculty learning community)",Hybrid or hyflex (i.e. mix of asynchronous/synchronous or in-person/online),,,Case studies,,,,Scholarly articles,,,,Theoretical frameworks,,,UC Santa Cruz,Senate Faculty,"Science, Technology, Engineering, and Math (STEM)","A Black, Indigenous, and/or person of color (BIPOC)",,,A person with a minoritized gender identity in my disicpline,,,,,A person who immigrated to the United States,,
TRUE,10/29/25 16:51,Agree,Strongly agree,Strongly disagree,Neutral,Strongly agree,Strongly disagree,Strongly agree,Strongly agree,Strongly disagree,Somewhat disagree,Somewhat agree,Moderately confident,Moderately confident,Moderately confident,Moderately confident,Moderately confident,Moderately confident,Moderately confident,Moderately confident,,Synchronous online (e.g. Zoom meeting),"In-person (e.g. on-campus workshop, faculty learning community)",Hybrid or hyflex (i.e. mix of asynchronous/synchronous or in-person/online),,,,Discussion prompts,Expert interviews,Podcasts,,,,,,,,UC Berkeley,"Lecturer (Unit 18, continuing, or senior)",Social Sciences and Area Studies,,,,,A person living with a disability,A person who is neurodivergent,,,,,
TRUE,9/23/25 14:25,Agree,Strongly disagree,Strongly disagree,Strongly disagree,Unsure / Unapplicable,Strongly disagree,Strongly agree,Strongly agree,Strongly disagree,Strongly agree,Strongly agree,Very confident,Moderately confident,Very confident,Very confident,Very confident,Very confident,Very confident,Very confident,"Asynchronous (e.g. Canvas site, online readings)",Synchronous online (e.g. Zoom meeting),"In-person (e.g. on-campus workshop, faculty learning community)",,"Another format, please describe:",reading SOTL publications,,,,Podcasts,Scholarly articles,,,,Theoretical frameworks,,,UC Berkeley,Another role,"Science, Technology, Engineering, and Math (STEM)",,,,,,,,,,,None of the above
TRUE,10/18/25 10:53,Agree,Strongly disagree,Strongly disagree,Strongly disagree,Strongly disagree,Strongly disagree,Strongly agree,Strongly agree,Strongly disagree,Strongly agree,Strongly agree,Moderately confident,Moderately confident,Moderately confident,Moderately confident,Moderately confident,Moderately confident,Very confident,Moderately confident,"Asynchronous (e.g. Canvas site, online readings)",Synchronous online (e.g. Zoom meeting),"In-person (e.g. on-campus workshop, faculty learning community)",Hybrid or hyflex (i.e. mix of asynchronous/synchronous or in-person/online),,,Case studies,,,Podcasts,,,Simulations,,,,,UC Berkeley,Senate Faculty,Social Sciences and Area Studies,"A Black, Indigenous, and/or person of color (BIPOC)",,,,,,A person who is first in my family to go to college,,,,
TRUE,10/21/25 14:36,Agree,Strongly disagree,Strongly disagree,Neutral,Somewhat disagree,Strongly disagree,Strongly agree,Somewhat agree,Strongly disagree,Somewhat agree,Somewhat agree,Very confident,Very confident,Very confident,Very confident,Very confident,Very confident,Very confident,Moderately confident,,,"In-person (e.g. on-campus workshop, faculty learning community)",,,,,,,,Scholarly articles,,,,,"Another resource, please describe:",actual financial support to make our classes more inclusive for disabled students,UC Santa Cruz,Senate Faculty,"History, Languages, and Literatures",,,,,A person living with a disability,,,,,,
TRUE,10/29/25 9:40,Agree,Strongly disagree,Strongly disagree,Strongly disagree,Strongly agree,Strongly disagree,Strongly agree,Strongly agree,Strongly disagree,Strongly agree,Strongly agree,Very confident,Moderately confident,Very confident,Moderately confident,Moderately confident,Very confident,Very confident,Moderately confident,"Asynchronous (e.g. Canvas site, online readings)",,"In-person (e.g. on-campus workshop, faculty learning community)",Hybrid or hyflex (i.e. mix of asynchronous/synchronous or in-person/online),,,Case studies,,,Podcasts,,Short video clips,,,,,,UC Berkeley,"Lecturer (Unit 18, continuing, or senior)","History, Languages, and Literatures",,,,,,,A person who is first in my family to go to college,A person from a low-income family background,A person who immigrated to the United States,,
TRUE,10/29/25 9:54,Agree,Strongly disagree,Strongly disagree,Strongly agree,Strongly agree,Strongly disagree,Strongly agree,Strongly agree,Strongly disagree,Strongly agree,Strongly agree,Very confident,Moderately confident,Very confident,Very confident,Very confident,Very confident,Moderately confident,Very confident,"Asynchronous (e.g. Canvas site, online readings)",,"In-person (e.g. on-campus workshop, faculty learning community)",,,,Case studies,Discussion prompts,,,,,,,Theoretical frameworks,,,UC Berkeley,Another role,"Creative and Performing Arts, Media, and Design",,,,,,,,,,,None of the above
TRUE,10/29/25 15:54,Agree,Strongly disagree,Strongly disagree,Strongly disagree,Somewhat disagree,Strongly disagree,Strongly agree,Strongly agree,Somewhat disagree,Strongly agree,Strongly agree,Very confident,Not confident at all,Very confident,Moderately confident,Slightly confident,Very confident,Moderately confident,Very confident,,,"In-person (e.g. on-campus workshop, faculty learning community)",,,,Case studies,Discussion prompts,,,,,,,,,,UC Berkeley,"Lecturer (Unit 18, continuing, or senior)",Decline to state,"A Black, Indigenous, and/or person of color (BIPOC)",,,,,,,A person from a low-income family background,,,
TRUE,9/23/25 14:43,Agree,Unsure / Unapplicable,Strongly disagree,Neutral,Somewhat disagree,Strongly disagree,Strongly agree,Strongly agree,Somewhat disagree,Somewhat disagree,Neutral,Moderately confident,Slightly confident,Moderately confident,Slightly confident,Slightly confident,Slightly confident,Moderately confident,Moderately confident,"Asynchronous (e.g. Canvas site, online readings)",Synchronous online (e.g. Zoom meeting),"In-person (e.g. on-campus workshop, faculty learning community)",,,,Case studies,Discussion prompts,,,Scholarly articles,,,,,,,UC Berkeley,"Lecturer (Unit 18, continuing, or senior)","History, Languages, and Literatures",,,,,,,,,,,
TRUE,10/6/25 11:22,Agree,Unsure / Unapplicable,Strongly disagree,Strongly agree,Strongly agree,Strongly disagree,Somewhat agree,Strongly agree,Unsure / Unapplicable,Strongly agree,Strongly agree,Moderately confident,Unsure / Unapplicable,Moderately confident,Moderately confident,Moderately confident,Moderately confident,Moderately confident,Moderately confident,"Asynchronous (e.g. Canvas site, online readings)",Synchronous online (e.g. Zoom meeting),"In-person (e.g. on-campus workshop, faculty learning community)",,,,,,,,,,,,,"Another resource, please describe:",documents like the Berkeley CTL guide for new GSIs that synthesize literature and provide recommendations,UC Berkeley,Senate Faculty,Social Sciences and Area Studies,,,,,,,,,,,None of the above
TRUE,10/8/25 11:43,Agree,Unsure / Unapplicable,Strongly disagree,Strongly agree,Strongly agree,Strongly agree,Somewhat agree,Somewhat agree,Somewhat disagree,Somewhat disagree,Somewhat disagree,Moderately confident,Moderately confident,Moderately confident,Moderately confident,Moderately confident,Moderately confident,Moderately confident,Not confident at all,,Synchronous online (e.g. Zoom meeting),"In-person (e.g. on-campus workshop, faculty learning community)",,,,,,,,Scholarly articles,,,,,"Another resource, please describe:",Evidence based approaches that have been rigorously tested.,UC Berkeley,Senate Faculty,Social Sciences and Area Studies,,,A member of the LGBTQIA+ community,,,,,,,,
TRUE,10/20/25 17:41,Agree,Unsure / Unapplicable,Strongly disagree,Somewhat disagree,Strongly agree,Strongly disagree,Strongly agree,Strongly agree,Strongly disagree,Strongly agree,Strongly agree,Moderately confident,Very confident,Very confident,Not confident at all,Slightly confident,Very confident,Moderately confident,Very confident,"Asynchronous (e.g. Canvas site, online readings)",Synchronous online (e.g. Zoom meeting),"In-person (e.g. on-campus workshop, faculty learning community)",Hybrid or hyflex (i.e. mix of asynchronous/synchronous or in-person/online),,,Case studies,,,,,Short video clips,Simulations,,,,,UC Santa Cruz,Senate Faculty,,,,,,,,,,,,None of the above
TRUE,10/29/25 10:54,Agree,Unsure / Unapplicable,Strongly disagree,Strongly disagree,Somewhat agree,Strongly disagree,Strongly agree,Strongly agree,Strongly disagree,Strongly agree,Strongly agree,Very confident,Very confident,Very confident,Very confident,Very confident,Very confident,Very confident,Very confident,,,"In-person (e.g. on-campus workshop, faculty learning community)",,,,,,,,,,,,,,,UC Berkeley,Another role,"Science, Technology, Engineering, and Math (STEM)",,"A transgender, non-binary, and/or genderqueer person",A member of the LGBTQIA+ community,A person with a minoritized gender identity in my disicpline,,,A person who is first in my family to go to college,A person from a low-income family background,,,
TRUE,10/30/25 0:08,Agree,Somewhat agree,Unsure / Unapplicable,Somewhat agree,Somewhat agree,Somewhat agree,Somewhat disagree,Strongly agree,Somewhat disagree,Somewhat disagree,Somewhat disagree,Moderately confident,Very confident,Moderately confident,Slightly confident,Moderately confident,Unsure / Unapplicable,Unsure / Unapplicable,Moderately confident,"Asynchronous (e.g. Canvas site, online readings)",,,,,,,Discussion prompts,Expert interviews,,,Short video clips,,,,,,UC Berkeley,Senate Faculty,"Science, Technology, Engineering, and Math (STEM)",,,,,,,,,,,None of the above
TRUE,9/24/25 15:41,Agree,Strongly agree,Unsure / Unapplicable,Somewhat agree,Strongly agree,Strongly disagree,Strongly agree,Strongly agree,Strongly disagree,Strongly agree,Strongly agree,Very confident,Very confident,Very confident,Very confident,Moderately confident,Moderately confident,Moderately confident,Very confident,,Synchronous online (e.g. Zoom meeting),"In-person (e.g. on-campus workshop, faculty learning community)",,,,Case studies,,,,,Short video clips,Simulations,,,,,UC Berkeley,"Lecturer (Unit 18, continuing, or senior)",Another discipline,,,,,,,,,,,None of the above
TRUE,10/29/25 10:09,Agree,Strongly agree,Unsure / Unapplicable,Strongly agree,Somewhat agree,Strongly disagree,Strongly agree,Strongly agree,Strongly disagree,Strongly agree,Strongly agree,Very confident,Moderately confident,Very confident,Moderately confident,Very confident,Very confident,Very confident,Moderately confident,,,"In-person (e.g. on-campus workshop, faculty learning community)",,,,,,,Podcasts,,,,,,,,UC Berkeley,"Lecturer (Unit 18, continuing, or senior)",Social Sciences and Area Studies,,,,,,,,,,,None of the above
TRUE,10/2/25 9:21,Agree,Unsure / Unapplicable,Unsure / Unapplicable,Strongly agree,Somewhat agree,Unsure / Unapplicable,Strongly agree,Strongly agree,Somewhat disagree,Strongly agree,Strongly agree,Very confident,Very confident,Very confident,Very confident,Very confident,Very confident,Very confident,Very confident,"Asynchronous (e.g. Canvas site, online readings)",,,,,,Case studies,,,,,Short video clips,Simulations,,,,,UC Berkeley,"Lecturer (Unit 18, continuing, or senior)","History, Languages, and Literatures",,,,,,,A person who is first in my family to go to college,A person from a low-income family background,,,
TRUE,9/25/25 12:53,Agree,,,,,,,,,Strongly disagree,Strongly disagree,Unsure / Unapplicable,,Very confident,,Very confident,Not confident at all,Unsure / Unapplicable,Unsure / Unapplicable,,,,,"Another format, please describe:","Learning from peers in my department.  Most campus initiated ""professional development"" is a waste of time.",,,,,,,,,,"Another resource, please describe:","1. That's a loaded premise for the question.  2. Learning from other professors in my department. 3. What is with all the focus on identities in this survey?  It is seems like a misguided focus, that is not matched to the actual issues I face in my teaching.",UC Berkeley,Senate Faculty,"Science, Technology, Engineering, and Math (STEM)",,,,,,,,,,,
FALSE,9/26/25 14:04,Agree,,,,,,,,,,,,,,,,,,,,,,,,,,,,,,,,,,,,,,,,,,,,,,,,,
FALSE,9/30/25 13:53,Agree,,,,,,,,,,,,,,,,,,,,,,,,,,,,,,,,,,,,,,,,,,,,,,,,,
FALSE,9/30/25 13:56,Agree,,,,,,,,,,,,,,,,,,,,,,,,,,,,,,,,,,,,,,,,,,,,,,,,,
FALSE,9/30/25 14:00,Agree,,,,,,,,,,,,,,,,,,,,,,,,,,,,,,,,,,,,,,,,,,,,,,,,,
FALSE,9/30/25 14:18,Agree,,,,,,,,,,,,,,,,,,,,,,,,,,,,,,,,,,,,,,,,,,,,,,,,,
FALSE,9/30/25 14:27,Agree,,,,,,,,,,,,,,,,,,,,,,,,,,,,,,,,,,,,,,,,,,,,,,,,,
FALSE,9/30/25 14:49,Agree,,,,,,,,,,,,,,,,,,,,,,,,,,,,,,,,,,,,,,,,,,,,,,,,,
FALSE,9/30/25 18:38,Agree,,,,,,,,,,,,,,,,,,,,,,,,,,,,,,,,,,,,,,,,,,,,,,,,,
FALSE,10/1/25 15:06,Agree,,,,,,,,,,,,,,,,,,,,,,,,,,,,,,,,,,,,,,,,,,,,,,,,,
FALSE,10/1/25 16:54,Agree,,,,,,,,,,,,,,,,,,,,,,,,,,,,,,,,,,,,,,,,,,,,,,,,,
FALSE,10/1/25 17:01,Agree,,,,,,,,,,,,,,,,,,,,,,,,,,,,,,,,,,,,,,,,,,,,,,,,,
FALSE,10/3/25 8:31,Agree,,,,,,,,,,,,,,,,,,,,,,,,,,,,,,,,,,,,,,,,,,,,,,,,,
FALSE,10/3/25 15:20,Agree,,,,,,,,,,,,,,,,,,,,,,,,,,,,,,,,,,,,,,,,,,,,,,,,,
FALSE,10/3/25 17:12,Agree,,,,,,,,,,,,,,,,,,,,,,,,,,,,,,,,,,,,,,,,,,,,,,,,,
FALSE,10/9/25 5:55,Agree,,,,,,,,,,,,,,,,,,,,,,,,,,,,,,,,,,,,,,,,,,,,,,,,,
FALSE,10/9/25 9:34,Agree,,,,,,,,,,,,,,,,,,,,,,,,,,,,,,,,,,,,,,,,,,,,,,,,,
FALSE,10/9/25 9:47,Agree,,,,,,,,,,,,,,,,,,,,,,,,,,,,,,,,,,,,,,,,,,,,,,,,,
FALSE,10/9/25 10:37,Agree,,,,,,,,,,,,,,,,,,,,,,,,,,,,,,,,,,,,,,,,,,,,,,,,,
FALSE,10/9/25 15:58,Agree,,,,,,,,,,,,,,,,,,,,,,,,,,,,,,,,,,,,,,,,,,,,,,,,,
FALSE,10/9/25 19:40,Agree,,,,,,,,,,,,,,,,,,,,,,,,,,,,,,,,,,,,,,,,,,,,,,,,,
FALSE,10/9/25 20:38,Agree,,,,,,,,,,,,,,,,,,,,,,,,,,,,,,,,,,,,,,,,,,,,,,,,,
FALSE,10/10/25 8:45,Agree,,,,,,,,,,,,,,,,,,,,,,,,,,,,,,,,,,,,,,,,,,,,,,,,,
FALSE,10/10/25 13:37,Agree,,,,,,,,,,,,,,,,,,,,,,,,,,,,,,,,,,,,,,,,,,,,,,,,,
FALSE,10/12/25 18:52,Agree,,,,,,,,,,,,,,,,,,,,,,,,,,,,,,,,,,,,,,,,,,,,,,,,,
FALSE,10/13/25 14:29,Agree,,,,,,,,,,,,,,,,,,,,,,,,,,,,,,,,,,,,,,,,,,,,,,,,,
FALSE,10/14/25 19:20,Agree,,,,,,,,,,,,,,,,,,,,,,,,,,,,,,,,,,,,,,,,,,,,,,,,,
FALSE,10/16/25 14:32,Agree,,,,,,,,,,,,,,,,,,,,,,,,,,,,,,,,,,,,,,,,,,,,,,,,,
TRUE,10/17/25 10:35,Agree,,,,,,,,,,,,,,,,,,,,,,,,,,,,,,,,,,,,,,,,,,,,,,,,,
TRUE,10/20/25 10:44,Agree,,,,,,,,,,,,,,,,,,,,,,,,,,,,,,,,,,,,,,,,,,,,,,,,,
FALSE,10/27/25 11:18,Agree,,,,,,,,,,,,,,,,,,,,,,,,,,,,,,,,,,,,,,,,,,,,,,,,,
FALSE,10/27/25 11:59,Agree,,,,,,,,,,,,,,,,,,,,,,,,,,,,,,,,,,,,,,,,,,,,,,,,,
FALSE,10/27/25 14:43,Agree,,,,,,,,,,,,,,,,,,,,,,,,,,,,,,,,,,,,,,,,,,,,,,,,,
FALSE,10/29/25 12:47,Agree,,,,,,,,,,,,,,,,,,,,,,,,,,,,,,,,,,,,,,,,,,,,,,,,,
FALSE,10/29/25 18:32,Agree,,,,,,,,,,,,,,,,,,,,,,,,,,,,,,,,,,,,,,,,,,,,,,,,,
TRUE,10/30/25 10:34,Agree,,,,,,,,,,,,,,,,,,,,,,,,,,,,,,,,,,,,,,,,,,,,,,,,,
TRUE,11/4/25 16:41,Agree,,,,,,,,,,,,,,,,,,,,,,,,,,,,,,,,,,,,,,,,,,,,,,,,,
FALSE,11/5/25 8:01,Agree,,,,,,,,,,,,,,,,,,,,,,,,,,,,,,,,,,,,,,,,,,,,,,,,,
FALSE,11/5/25 8:06,Agree,,,,,,,,,,,,,,,,,,,,,,,,,,,,,,,,,,,,,,,,,,,,,,,,,
FALSE,11/5/25 8:10,Agree,,,,,,,,,,,,,,,,,,,,,,,,,,,,,,,,,,,,,,,,,,,,,,,,,
FALSE,11/5/25 10:17,Agree,,,,,,,,,,,,,,,,,,,,,,,,,,,,,,,,,,,,,,,,,,,,,,,,,
FALSE,11/5/25 13:10,Agree,,,,,,,,,,,,,,,,,,,,,,,,,,,,,,,,,,,,,,,,,,,,,,,,,
FALSE,11/5/25 18:57,Agree,,,,,,,,,,,,,,,,,,,,,,,,,,,,,,,,,,,,,,,,,,,,,,,,,
FALSE,11/6/25 14:13,Agree,,,,,,,,,,,,,,,,,,,,,,,,,,,,,,,,,,,,,,,,,,,,,,,,,
TRUE,11/18/25 12:10,Agree,,,,,,,,,,,,,,,,,,,,,,,,,,,,,,,,,,,,,,,,,,,,,,,,,
FALSE,11/21/25 9:15,Agree,,,,,,,,,,,,,,,,,,,,,,,,,,,,,,,,,,,,,,,,,,,,,,,,,
FALSE,11/25/25 12:11,Agree,,,,,,,,,,,,,,,,,,,,,,,,,,,,,,,,,,,,,,,,,,,,,,,,,